Rank,Bi-gram,Bi-Count,Tri-gram,Tri-Count,Tetra-gram,Tetra-Count,Penta-gram,Penta-Count
1,曲譜,181,平曲譜,79,平曲譜本,77,撫箏雅譜集,32
2,琴譜,153,曲譜本,79,撫箏雅譜,40,六調子曲譜,29
3,楽譜,143,催馬楽,56,六調子曲,36,観世左近太,21
4,平曲,87,仮名譜,50,箏雅譜集,32,世左近太夫,21
5,譜本,84,鳳笙譜,46,調子曲譜,29,左近太夫正,21
6,音楽,84,撫箏雅,41,八雲琴譜,28,近太夫正本,21
7,略譜,82,箏雅譜,40,東皐琴譜,23,譜嫁入雛形,20
8,竜笛,75,六調子,40,どどいつ,23,粟嶋譜嫁入,16
9,琵琶,72,蘇合香,36,観世左近,21,嶋譜嫁入雛,16
10,笛譜,71,調子曲,36,世左近太,21,竜笛仮名譜,16
11,名譜,68,／他四,36,左近太夫,21,竜笛要録譜,15
12,仮名,68,雅譜集,35,近太夫正,21,菅原伝授手,13
13,鳳笙,67,雅楽譜,29,太夫正本,21,原伝授手習,13
14,謡本,65,八雲琴,29,譜嫁入雛,20,伝授手習鑑,13
15,笙譜,62,子曲譜,29,嫁入雛形,20,皇帝破陣楽,11
16,催馬,62,雲琴譜,28,笛要録譜,17,康濟譜25,11
17,調子,61,琵琶譜,27,竜笛仮名,17,濟譜25卷,11
18,箏譜,57,万秋楽,26,笛仮名譜,17,名手本忠臣,11
19,馬楽,56,謡本〕,26,〔謡本〕,17,類箏治要2,11
20,雅譜,54,譜2卷,24,粟嶋譜嫁,16,箏治要20,11
21,秘譜,48,篳篥譜,24,嶋譜嫁入,16,治要20巻,11
22,譜2,46,東皐琴,23,竜笛要録,15,太夫正本1,11
23,正本,46,皐琴譜,23,けいせい,15,蘇合香万秋,10
24,之譜,46,どどい,23,催馬楽譜,14,合香万秋楽,10
25,役者,46,どいつ,23,菅原伝授,13,箏曲大意抄,10
26,圖譜,45,観世左,21,原伝授手,13,北詞広正譜,10
27,譜／,44,世左近,21,伝授手習,13,詞広正譜巻,10
28,篳篥,43,左近太,21,授手習鑑,13,釋迦譜要略,9
29,合戦,42,近太夫,21,吾嬬箏譜,13,浪華擷芳譜,9
30,撫箏,42,太夫正,21,世流謡本,13,奥州安達原,9
31,六調,42,夫正本,21,手本忠臣,12,仮名手本忠,9
32,箏雅,41,百菊譜,20,音楽問答,12,大津絵ぶし,9
33,譜集,41,譜嫁入,20,類箏治要,12,撫箏雅譜大,8
34,神楽,41,嫁入雛,20,律呂新書,12,箏雅譜大成,8
35,本〕,41,入雛形,20,玉堂琴譜,11,雅譜大成抄,8
36,観世,40,要録譜,20,皇帝破陣,11,手本忠臣蔵,8
37,蘇合,39,笛仮名,20,帝破陣楽,11,小野道風青,8
38,／他,39,太平記,19,康濟譜2,11,野道風青柳,8
39,太夫,38,浄瑠璃,18,濟譜25,11,道風青柳硯,8
40,雅楽,37,竜笛要,18,譜25卷,11,どどいつ・,8
41,歌譜,37,竜笛仮,18,魏氏楽譜,11,神楽催馬楽,8
42,日本,36,調曲譜,18,名手本忠,11,觀世流謡本,8
43,菊譜,36,〔謡本,18,よしこの,11,梅山種茶譜,7
44,合香,36,節正本,17,箏治要2,11,韻勝園梅譜,7
45,高麗,36,笛要録,17,治要20,11,蘇合香一具,7
46,子曲,36,壱越調,17,要20巻,11,帝破陣楽団,7
47,譜》,36,大意抄,17,夫正本1,11,破陣楽団乱,7
48,他四,36,粟嶋譜,16,迦譜要略,10,陣楽団乱旋,7
49,うた,35,嶋譜嫁,16,説文解字,10,譜代家督留,7
50,物語,34,和琴譜,16,正燈世譜,10,百菊譜2巻,7
51,律呂,34,神楽歌,16,津絵ぶし,10,五知齋琴譜,7
52,案譜,33,盤渉調,16,蘇合香万,10,知齋琴譜8,7
53,問答,32,いせい,16,合香万秋,10,齋琴譜8卷,7
54,目録,31,流謡本,16,香万秋楽,10,神器譜5卷,7
55,世譜,31,仮面譜,15,只拍子譜,10,太平記忠臣,7
56,伝授,31,大津絵,15,箏曲大意,10,平記忠臣講,7
57,要録,31,楽問答,15,曲大意抄,10,記忠臣講釈,7
58,八雲,30,けいせ,15,北詞広正,10,本朝廿四孝,7
59,舞譜,30,竜笛譜,14,詞広正譜,10,どどいつ集,7
60,雲琴,29,本忠臣,14,広正譜巻,10,盤渉調曲譜,7
61,の段,29,馬楽譜,14,釋迦譜要,9,催馬楽略譜,7
62,秋楽,28,譜代家,13,浪華擷芳,9,大日本撰釋,6
63,篥譜,28,菅原伝,13,華擷芳譜,9,日本撰釋迦,6
64,忠臣,28,原伝授,13,支譜2卷,9,本撰釋迦譜,6
65,太鼓,28,伝授手,13,奥州安達,9,撰釋迦譜要,6
66,いつ,28,授手習,13,州安達原,9,山種茶譜略,6
67,2卷,27,手習鑑,13,仮名手本,9,平陽汪氏九,6
68,横笛,27,横笛譜,13,本忠臣蔵,9,陽汪氏九十,6
69,琶譜,27,いつ・,13,小野道風,9,汪氏九十一,6
70,万秋,26,只拍子,13,大津絵ぶ,9,氏九十一世,6
71,大成,26,吾嬬箏,13,音楽紀聞,9,九十一世支,6
72,朗詠,26,嬬箏譜,13,曲仮名譜,9,十一世支譜,6
73,箏曲,26,一節切,13,箏雅譜大,8,一世支譜2,6
74,要略,25,世流謡,13,雅譜大成,8,世支譜2卷,6
75,和琴,25,擷芳譜,12,譜大成抄,8,無間鐘梅枝,6
76,傾城,25,玉堂琴,12,野道風青,8,間鐘梅枝伝,6
77,譜略,24,堂琴譜,12,道風青柳,8,鐘梅枝伝譜,6
78,東皐,24,魏氏楽,12,風青柳硯,8,常磐津節正,6
79,どど,24,手本忠,12,どいつ・,8,磐津節正本,6
80,茶譜,23,音楽問,12,神楽催馬,8,許氏説文解,6
81,蘭譜,23,類箏治,12,楽催馬楽,8,氏説文解字,6
82,皐琴,23,箏治要,12,万秋楽譜,8,説文解字五,6
83,どい,23,律呂新,12,新撰楽譜,8,文解字五音,6
84,太平,22,呂新書,12,觀世流謡,8,解字五音韻,6
85,雛形,22,〔観世,12,声曲類纂,7,字五音韻譜,6
86,舞楽,22,譜要略,11,梅山種茶,7,妹背山婦女,6
87,謡曲,22,幽蘭譜,11,山種茶譜,7,背山婦女庭,6
88,鼓譜,22,皇帝破,11,韻勝園梅,7,山婦女庭訓,6
89,新撰,22,帝破陣,11,勝園梅譜,7,鎌倉三代記,6
90,古今,22,破陣楽,11,蘇合香一,7,増訂撫箏雅,6
91,調曲,22,康濟譜,11,合香一具,7,訂撫箏雅譜,6
92,俳譜,22,濟譜2,11,破陣楽団,7,横笛譜裏書,6
93,譜〕,22,譜25,11,陣楽団乱,7,催馬楽附物,6
94,芳譜,21,25卷,11,楽団乱旋,7,合戦前後略,6
95,源氏,21,氏楽譜,11,譜代家督,7,戦前後略譜,6
96,音曲,21,名手本,11,代家督留,7,六調子曲仮,6
97,楽歌,21,燈世譜,11,百菊譜2,7,調子曲仮名,6
98,秘曲,21,よしこ,11,菊譜2巻,7,子曲仮名譜,6
99,笛仮,21,しこの,11,五知齋琴,7,纐纈紺屋譜,6
100,世左,21,曲秘譜,11,知齋琴譜,7,浪華〓芳譜,6
101,左近,21,諸菜譜,11,齋琴譜8,7,／撫箏雅譜,6
102,近太,21,新撰楽,11,琴譜8卷,7,甲陽軍鑑合,5
103,夫正,21,治要2,11,神器譜5,7,陽軍鑑合戦,5
104,御譜,20,要20,11,器譜5卷,7,軍鑑合戦之,5
105,百菊,20,20巻,11,甲陽軍鑑,7,鑑合戦之巻,5
106,譜代,20,正本1,11,譜不分卷,7,潤州曹氏重,5
107,5卷,20,迦譜要,10,梅枝伝譜,7,州曹氏重修,5
108,譜嫁,20,団乱旋,10,太平記忠,7,曹氏重修宗,5
109,嫁入,20,説文解,10,平記忠臣,7,氏重修宗譜,5
110,入雛,20,文解字,10,記忠臣講,7,重修宗譜2,5
111,鎌倉,20,忠臣蔵,10,忠臣講釈,7,修宗譜2卷,5
112,平記,20,正燈世,10,本朝廿四,7,和歌師資相,5
113,笛要,20,津絵ぶ,10,朝廿四孝,7,源平布引滝,5
114,録譜,20,絵ぶし,10,どいつ集,7,日本振袖始,5
115,子譜,20,善御譜,10,盤渉調曲,7,島武勇問答,5
116,越調,20,合香万,10,渉調曲譜,7,箱根霊験躄,5
117,百番,20,香万秋,10,楽仮名譜,7,根霊験躄仇,5
118,1卷,19,秘曲譜,10,藩譜採要,7,霊験躄仇討,5
119,曽我,19,拍子譜,10,催馬楽略,7,一谷嫩軍記,5
120,皇帝,19,高麗楽,10,馬楽略譜,7,絵本太功記,5
121,書譜,19,笛之譜,10,大日本撰,6,和田合戦女,5
122,道行,19,箏曲大,10,日本撰釋,6,田合戦女舞,5
123,浄瑠,19,曲大意,10,本撰釋迦,6,合戦女舞鶴,5
124,瑠璃,19,観世流,10,撰釋迦譜,6,譜／壱越調,5
125,声明,19,工尺譜,10,種茶譜略,6,菊譜百詠図,5
126,音譜,19,北詞広,10,史譜7巻,6,採桑老舞譜,5
127,ほか,19,詞広正,10,平陽汪氏,6,大坪本流善,5
128,せい,19,広正譜,10,陽汪氏九,6,坪本流善御,5
129,〔謡,19,正譜巻,10,汪氏九十,6,本流善御譜,5
130,物譜,18,釋迦譜,9,氏九十一,6,篳篥仮名譜,5
131,心中,18,曲類纂,9,九十一世,6,琴曲洋峨／,5
132,大津,18,浪華擷,9,十一世支,6,曲洋峨／撫,5
133,ぶし,18,華擷芳,9,一世支譜,6,琴学大意抄,5
134,都々,18,譜2巻,9,世支譜2,6,〔観世謡本,5
135,拍子,18,譜5卷,9,無間鐘梅,6,観世謡本〕,5
136,琴曲,18,支譜2,9,間鐘梅枝,6,観世流謡本,5
137,樂譜,18,大成抄,9,鐘梅枝伝,6,西皮工尺譜,5
138,龍笛,18,奥州安,9,常磐津節,6,工尺譜上;,5
139,世流,18,州安達,9,磐津節正,6,萬象寫眞圖,4
140,流謡,18,安達原,9,津節正本,6,象寫眞圖譜,4
141,粟嶋,17,仮名手,9,小栗判官,6,東皐琴譜1,4
142,節正,17,傾城阿,9,長唄正本,6,皐琴譜10,4
143,江戸,17,小野道,9,群賢押譜,6,琴譜10巻,4
144,公譜,17,野道風,9,南山小譜,6,武口王氏統,4
145,大全,17,太鼓譜,9,許氏説文,6,口王氏統宗,4
146,本朝,17,都々逸,9,氏説文解,6,王氏統宗世,4
147,軍記,17,東音譜,9,文解字五,6,氏統宗世譜,4
148,敵討,17,音楽紀,9,解字五音,6,統宗世譜不,4
149,稽古,17,楽紀聞,9,字五音韻,6,宗世譜不分,4
150,けい,17,曲仮名,9,五音韻譜,6,世譜不分卷,4
151,よし,17,狂言記,9,妹背山婦,6,雪女譜鉢木,4
152,古譜,17,神器譜,8,背山婦女,6,義経千本桜,4
153,盤渉,17,無間鐘,8,山婦女庭,6,歌師資相伝,4
154,壱越,17,雅譜大,8,婦女庭訓,6,二重衣恋占,4
155,指南,17,譜大成,8,鎌倉三代,6,菖蒲前操弦,4
156,譜巻,17,道風青,8,倉三代記,6,花魁莟八総,4
157,大意,17,風青柳,8,武勇問答,6,播州皿屋鋪,4
158,意抄,17,青柳硯,8,本太功記,6,傾城反魂香,4
159,浪華,16,都々一,8,増訂撫箏,6,伽羅先代萩,4
160,玉堂,16,神楽催,8,訂撫箏雅,6,壇浦兜軍記,4
161,仮面,16,楽催馬,8,横笛譜裏,6,蛭小島武勇,4
162,面譜,16,秋楽譜,8,笛譜裏書,6,小島武勇問,4
163,嶋譜,16,高麗曲,8,吾妻箏譜,6,姫小松子日,4
164,韻譜,16,撰楽譜,8,催馬楽附,6,古戦場鐘懸,4
165,奥州,16,楽譜／,8,馬楽附物,6,関取千両幟,4
166,小町,16,音楽略,8,朗詠案譜,6,伊賀越道中,4
167,津絵,16,舞歌譜,8,合戦前後,6,相模入道千,4
168,渉調,16,要略譜,8,戦前後略,6,模入道千疋,4
169,楽略,16,万歳楽,8,前後略譜,6,入道千疋犬,4
170,風俗,16,三味線,8,雅楽譜／,6,丹波与作待,4
171,いせ,16,稽古本,8,調子曲仮,6,波与作待夜,4
172,一節,16,謠本〕,8,子曲仮名,6,与作待夜の,4
173,迦譜,15,觀世流,8,蘇合香譜,6,作待夜の小,4
174,紙譜,15,声曲類,7,高麗楽譜,6,待夜の小室,4
175,0巻,15,梅山種,7,調盤渉調,6,夜の小室節,4
176,歴代,15,山種茶,7,菊譜百詠,6,国性爺合戦,4
177,譜大,15,種茶譜,7,箏曲新譜,6,有職鎌倉山,4
178,系図,15,韻勝園,7,纐纈紺屋,6,生写朝顔話,4
179,手習,15,勝園梅,7,纈紺屋譜,6,十寸見要集,4
180,調・,15,園梅譜,7,流善御譜,6,とつちりと,4
181,郢曲,15,譜目録,7,点俳譜帖,6,つちりとん,4
182,吾嬬,15,合香一,7,篳篥仮名,6,よしこの京,4
183,楽問,15,香一具,7,清風雅譜,6,しこの京の,4
184,新書,15,陣楽団,7,琴曲洋峨,6,この京の花,4
185,20,15,楽団乱,7,梁塵愚案,6,役行者大峯,4
186,琉球,15,春鶯囀,7,浪華〓芳,6,行者大峯桜,4
187,梅譜,14,楽曲考,7,華〓芳譜,6,馬楽附物譜,4
188,菜譜,14,代家督,7,譜代家来,6,香万秋楽譜,4
189,和歌,14,家督留,7,／撫箏雅,6,及高麗曲譜,4
190,魏氏,14,菊譜2,7,〔観世流,6,日本音楽略,4
191,曾我,14,五知齋,7,〔謠本〕,6,本音楽略解,4
192,代記,14,知齋琴,7,寫眞圖譜,5,／壱越調・,4
193,本忠,14,齋琴譜,7,投扇興譜,5,万秋楽仮名,4
194,吾妻,14,琴譜8,7,陽軍鑑合,5,秋楽仮名譜,4
195,高砂,14,譜8卷,7,軍鑑合戦,5,壱越調平調,4
196,按譜,14,器譜5,7,鑑合戦之,5,／大坪流馬,4
197,歌舞,14,甲陽軍,7,合戦之巻,5,帝王譜略国,4
198,曲大,14,陽軍鑑,7,琴譜4卷,5,王譜略国朝,4
199,狂言,14,譜4卷,7,潤州曹氏,5,譜略国朝紀,4
200,譜1,13,譜不分,7,州曹氏重,5,粟島譜嫁入,4
