Rank,Keyword,Count
1,https://jpsearch.go.jp/term/keyword/系譜,721
2,https://jpsearch.go.jp/term/keyword/画譜,368
3,https://jpsearch.go.jp/term/keyword/音楽・演劇--能楽,308
4,https://jpsearch.go.jp/term/keyword/雅楽,304
5,https://jpsearch.go.jp/term/keyword/本草,256
6,https://jpsearch.go.jp/term/keyword/絵画,250
7,https://jpsearch.go.jp/term/keyword/伝記,250
8,https://jpsearch.go.jp/term/keyword/音楽,248
9,https://jpsearch.go.jp/term/keyword/絵手本,245
10,https://jpsearch.go.jp/term/keyword/浄瑠璃_義太夫,215
11,https://jpsearch.go.jp/term/keyword/国書の部--芸術--音楽--浄瑠璃,172
12,https://jpsearch.go.jp/term/keyword/音楽・演劇,156
13,https://jpsearch.go.jp/term/keyword/印章,131
14,https://jpsearch.go.jp/term/keyword/芸術--音楽・舞踏--能の本,129
15,https://jpsearch.go.jp/term/keyword/国書の部--芸術--音楽・演劇,119
16,https://jpsearch.go.jp/term/keyword/藩主--系譜,109
17,https://jpsearch.go.jp/term/keyword/音楽・演劇--演劇--能楽--謡本付小謡--能の本,88
18,https://jpsearch.go.jp/term/keyword/植物,85
19,https://jpsearch.go.jp/term/keyword/動物,76
20,https://jpsearch.go.jp/term/keyword/演劇,67
21,https://jpsearch.go.jp/term/keyword/絵本_絵手本,65
22,https://jpsearch.go.jp/term/keyword/浄瑠璃,62
23,https://jpsearch.go.jp/term/keyword/芸術--絵画--日本画,62
24,https://jpsearch.go.jp/term/keyword/狂言本,59
25,https://jpsearch.go.jp/term/keyword/歌謡,54
26,https://jpsearch.go.jp/term/keyword/音楽・演劇--浄瑠璃,53
27,https://jpsearch.go.jp/term/keyword/歴史,52
28,https://jpsearch.go.jp/term/keyword/楽譜,50
29,https://jpsearch.go.jp/term/keyword/魚介,50
30,https://jpsearch.go.jp/term/keyword/音楽・演劇--能の本,50
31,https://jpsearch.go.jp/term/keyword/国書之部--芸術--音楽,47
32,https://jpsearch.go.jp/term/keyword/服部家旧蔵一般書--芸術--音楽,46
33,https://jpsearch.go.jp/term/keyword/和書_慶応以前,45
34,https://jpsearch.go.jp/term/keyword/花鳥画,44
35,https://jpsearch.go.jp/term/keyword/芸術--音楽,44
36,https://jpsearch.go.jp/term/keyword/声明,44
37,https://jpsearch.go.jp/term/keyword/絵本,43
38,https://jpsearch.go.jp/term/keyword/芸術--印譜,41
39,https://jpsearch.go.jp/term/keyword/産業--音楽,37
40,https://jpsearch.go.jp/term/keyword/音楽・演劇--演劇--浄瑠璃--義太夫節,37
41,https://jpsearch.go.jp/term/keyword/貨幣,36
42,https://jpsearch.go.jp/term/keyword/漢詩文,36
43,https://jpsearch.go.jp/term/keyword/国書--美術・諸芸--画,36
44,https://jpsearch.go.jp/term/keyword/能,33
45,https://jpsearch.go.jp/term/keyword/芸術,33
46,https://jpsearch.go.jp/term/keyword/音楽・演劇--能・狂言,33
47,https://jpsearch.go.jp/term/keyword/絵本_画譜,32
48,https://jpsearch.go.jp/term/keyword/雑史,32
49,https://jpsearch.go.jp/term/keyword/国書の部--芸術--音楽--唄もの,31
50,https://jpsearch.go.jp/term/keyword/絵本_絵手本・画譜,29
51,https://jpsearch.go.jp/term/keyword/歴史--日本史--系譜,29
52,https://jpsearch.go.jp/term/keyword/芸術--絵画--画帖・絵本,29
53,https://jpsearch.go.jp/term/keyword/国書の部--芸術--音楽,29
54,https://jpsearch.go.jp/term/keyword/茶道,28
55,https://jpsearch.go.jp/term/keyword/家伝,27
56,https://jpsearch.go.jp/term/keyword/音楽・演劇--歌舞伎,27
57,https://jpsearch.go.jp/term/keyword/芸術--邦楽,23
58,https://jpsearch.go.jp/term/keyword/一般資料--和書_慶応以前,22
59,https://jpsearch.go.jp/term/keyword/天台,21
60,https://jpsearch.go.jp/term/keyword/俳諧,20
61,https://jpsearch.go.jp/term/keyword/国書--音楽・演劇--謡本,20
62,https://jpsearch.go.jp/term/keyword/音楽・演劇--音楽,20
63,https://jpsearch.go.jp/term/keyword/芸術--書道--落款・印譜,20
64,https://jpsearch.go.jp/term/keyword/歴史--仙台藩関係--仙台藩家臣団関係,20
65,https://jpsearch.go.jp/term/keyword/国書--美術・諸芸--花押・印章,19
66,https://jpsearch.go.jp/term/keyword/記録,18
67,https://jpsearch.go.jp/term/keyword/語学,18
68,https://jpsearch.go.jp/term/keyword/芸術--絵画,17
69,https://jpsearch.go.jp/term/keyword/寺院,17
70,https://jpsearch.go.jp/term/keyword/歴史--日本史--系譜--諸家,17
71,https://jpsearch.go.jp/term/keyword/関ヶ原の戦い,16
72,https://jpsearch.go.jp/term/keyword/芸術--書画--絵画--画譜,16
73,https://jpsearch.go.jp/term/keyword/書画,15
74,https://jpsearch.go.jp/term/keyword/地誌,15
75,https://jpsearch.go.jp/term/keyword/画譜絵手本,15
76,https://jpsearch.go.jp/term/keyword/医学,15
77,https://jpsearch.go.jp/term/keyword/歴史・地理--伝記,15
78,https://jpsearch.go.jp/term/keyword/臨済,15
79,https://jpsearch.go.jp/term/keyword/音楽・演劇--能・狂言--能の本,15
80,https://jpsearch.go.jp/term/keyword/馬術,14
81,https://jpsearch.go.jp/term/keyword/軍事・工学・産業・芸術--芸術_美術・音楽・体育・諸芸,14
82,https://jpsearch.go.jp/term/keyword/藩士--系譜,14
83,https://jpsearch.go.jp/term/keyword/音楽・演劇--能楽--能の本,14
84,https://jpsearch.go.jp/term/keyword/音楽・演劇--音曲,14
85,https://jpsearch.go.jp/term/keyword/漢詩,13
86,https://jpsearch.go.jp/term/keyword/花押,13
87,https://jpsearch.go.jp/term/keyword/芸術--音楽・歌謡,13
88,https://jpsearch.go.jp/term/keyword/名鑑,13
89,https://jpsearch.go.jp/term/keyword/浄土,13
90,https://jpsearch.go.jp/term/keyword/美術諸芸--音楽,13
91,https://jpsearch.go.jp/term/keyword/音楽・演劇--演劇--歌舞伎--雑書,13
92,https://jpsearch.go.jp/term/keyword/年譜,12
93,https://jpsearch.go.jp/term/keyword/岩石,12
94,https://jpsearch.go.jp/term/keyword/元治の変,12
95,https://jpsearch.go.jp/term/keyword/長州征伐,12
96,https://jpsearch.go.jp/term/keyword/歴史--系譜,12
97,https://jpsearch.go.jp/term/keyword/歴史--日本史--系譜--家伝,12
98,https://jpsearch.go.jp/term/keyword/真宗,12
99,https://jpsearch.go.jp/term/keyword/諸芸--音楽,12
100,https://jpsearch.go.jp/term/keyword/歴史--日本史,12
101,https://jpsearch.go.jp/term/keyword/地方史料之部--一般資料--年譜,12
102,https://jpsearch.go.jp/term/keyword/仏教,11
103,https://jpsearch.go.jp/term/keyword/花道,11
104,https://jpsearch.go.jp/term/keyword/平曲,11
105,https://jpsearch.go.jp/term/keyword/歴史--系図,11
106,https://jpsearch.go.jp/term/keyword/音楽・演劇--演劇--浄瑠璃--古浄瑠璃,11
107,https://jpsearch.go.jp/term/keyword/画帖,10
108,https://jpsearch.go.jp/term/keyword/和算,10
109,https://jpsearch.go.jp/term/keyword/薬物,10
110,https://jpsearch.go.jp/term/keyword/芸術--音楽--能の本,10
111,https://jpsearch.go.jp/term/keyword/謡曲,10
112,https://jpsearch.go.jp/term/keyword/歴史--伝記,10
113,https://jpsearch.go.jp/term/keyword/国書--諸芸--遊芸_鳴り物譜,10
114,https://jpsearch.go.jp/term/keyword/国書の部--歴史--伝記・系譜,10
115,https://jpsearch.go.jp/term/keyword/和漢書--美術--音楽・演劇・諸芸,10
116,https://jpsearch.go.jp/term/keyword/芸術--書画--絵画,10
117,https://jpsearch.go.jp/term/keyword/江戸--音楽・演劇--雅楽--能の本,10
118,https://jpsearch.go.jp/term/keyword/芸術--書画--総記,10
119,https://jpsearch.go.jp/term/keyword/音楽・演劇--演劇,10
120,https://jpsearch.go.jp/term/keyword/歴史--日本史--伝記,10
121,https://jpsearch.go.jp/term/keyword/子部藝術類,10
122,https://jpsearch.go.jp/term/keyword/和歌,9
123,https://jpsearch.go.jp/term/keyword/月明文庫,9
124,https://jpsearch.go.jp/term/keyword/書道,9
125,https://jpsearch.go.jp/term/keyword/国書--歴史--日本史--系譜,9
126,https://jpsearch.go.jp/term/keyword/自然科学--薬学--本草学,9
127,https://jpsearch.go.jp/term/keyword/近世刊本--芸術--絵画,9
128,https://jpsearch.go.jp/term/keyword/禅学--禅宗史--伝記--日本・朝鮮各伝,9
129,https://jpsearch.go.jp/term/keyword/理学--博物,9
130,https://jpsearch.go.jp/term/keyword/芸術--書画--篆刻,9
131,https://jpsearch.go.jp/term/keyword/歴史--伝記--系譜,9
132,https://jpsearch.go.jp/term/keyword/名所絵本,8
133,https://jpsearch.go.jp/term/keyword/人物画譜,8
134,https://jpsearch.go.jp/term/keyword/物産,8
135,https://jpsearch.go.jp/term/keyword/本多政重再仕,8
136,https://jpsearch.go.jp/term/keyword/能興行,8
137,https://jpsearch.go.jp/term/keyword/芸術--工芸,8
138,https://jpsearch.go.jp/term/keyword/総記--家伝・系譜・蔵書目・書簡,8
139,https://jpsearch.go.jp/term/keyword/編著,8
140,https://jpsearch.go.jp/term/keyword/歴史--日本歴史--系譜,8
141,https://jpsearch.go.jp/term/keyword/絵本番附_操芝居,8
142,https://jpsearch.go.jp/term/keyword/真言,8
143,https://jpsearch.go.jp/term/keyword/曹洞,8
144,https://jpsearch.go.jp/term/keyword/国書--美術・諸芸--書,8
145,https://jpsearch.go.jp/term/keyword/総記--歴史,8
146,https://jpsearch.go.jp/term/keyword/経済--度量衡・貨幣,8
147,https://jpsearch.go.jp/term/keyword/古板画譜,8
148,https://jpsearch.go.jp/term/keyword/歴史--仙台藩関係--伊達氏一門関係,8
149,https://jpsearch.go.jp/term/keyword/美術,7
150,http://id.ndl.go.jp/class/ndc9/288.2,7
151,https://jpsearch.go.jp/term/keyword/漢学,7
152,https://jpsearch.go.jp/term/keyword/脚本,7
153,https://jpsearch.go.jp/term/keyword/戦記,7
154,https://jpsearch.go.jp/term/keyword/産業--絵画,7
155,https://jpsearch.go.jp/term/keyword/神楽,7
156,https://jpsearch.go.jp/term/keyword/園芸,7
157,https://jpsearch.go.jp/term/keyword/歴史--日本史--伝記・系譜--総伝,7
158,https://jpsearch.go.jp/term/keyword/--音楽・演劇--能楽,7
159,https://jpsearch.go.jp/term/keyword/服部家旧蔵一般書--伝記--系譜・家伝,7
160,https://jpsearch.go.jp/term/keyword/一般資料--芸術--謡曲,7
161,https://jpsearch.go.jp/term/keyword/産業--農業,7
162,https://jpsearch.go.jp/term/keyword/幕府写本,7
163,https://jpsearch.go.jp/term/keyword/仏書--史伝部三_日本選述特殊,7
164,https://jpsearch.go.jp/term/keyword/音楽・演劇--舞楽,7
165,https://jpsearch.go.jp/term/keyword/国書--音楽・演劇--能楽--謡本_付_久世舞・小謡--能の本,7
166,https://jpsearch.go.jp/term/keyword/狂歌絵本,6
167,https://jpsearch.go.jp/term/keyword/風俗,6
168,https://jpsearch.go.jp/term/keyword/印譜,6
169,https://jpsearch.go.jp/term/keyword/長唄,6
170,https://jpsearch.go.jp/term/keyword/総記,6
171,https://jpsearch.go.jp/term/keyword/役者評判記,6
172,https://jpsearch.go.jp/term/keyword/国書--芸術--書画--絵画,6
173,https://jpsearch.go.jp/term/keyword/歴史--日本史--伝記--各伝,6
174,https://jpsearch.go.jp/term/keyword/国書--歴史・伝記--伝記,6
175,https://jpsearch.go.jp/term/keyword/刀剣,6
176,https://jpsearch.go.jp/term/keyword/国書--法制・経済--経済,6
177,https://jpsearch.go.jp/term/keyword/音楽・演劇--古代劇,6
178,https://jpsearch.go.jp/term/keyword/芸術--絵画_附印譜_--画帖・画巻・図画,6
179,https://jpsearch.go.jp/term/keyword/音楽・演劇--演劇--能楽--謡本付小謡,6
180,https://jpsearch.go.jp/term/keyword/国書の部--芸術--絵画,6
181,https://jpsearch.go.jp/term/keyword/芸術--絵画--材料と技法,6
182,https://jpsearch.go.jp/term/keyword/人名録,5
183,https://jpsearch.go.jp/term/keyword/花鳥画譜,5
184,https://jpsearch.go.jp/term/keyword/狂詩,5
185,http://jla.or.jp/data/ndc#470,5
186,https://jpsearch.go.jp/term/keyword/軍制改革,5
187,https://jpsearch.go.jp/term/keyword/歴史--伝記--系譜・紋章・皇室,5
188,https://jpsearch.go.jp/term/keyword/理学,5
189,https://jpsearch.go.jp/term/keyword/日記,5
190,https://jpsearch.go.jp/term/keyword/箏曲,5
191,https://jpsearch.go.jp/term/keyword/注釈,5
192,https://jpsearch.go.jp/term/keyword/考古,5
193,https://jpsearch.go.jp/term/keyword/法制,5
194,https://jpsearch.go.jp/term/keyword/芸術--茶道,5
195,https://jpsearch.go.jp/term/keyword/一般図書--哲学,5
196,https://jpsearch.go.jp/term/keyword/和書の部--歴史・伝記・地誌,5
197,https://jpsearch.go.jp/term/keyword/禅宗,5
198,https://jpsearch.go.jp/term/keyword/文房具,5
199,https://jpsearch.go.jp/term/keyword/箱入別置本--叢書類,5
200,https://jpsearch.go.jp/term/keyword/神社,5
201,https://jpsearch.go.jp/term/keyword/芸術--音楽--演劇・舞踏,5
202,https://jpsearch.go.jp/term/keyword/音楽・演劇--演劇--能楽--総記,5
203,https://jpsearch.go.jp/term/keyword/音楽・演劇--演劇--能楽--狂言,5
204,https://jpsearch.go.jp/term/keyword/音楽・演劇--演劇--能楽--謡本附小謡,5
205,https://jpsearch.go.jp/term/keyword/芸術・美術--音楽--邦楽,5
206,https://jpsearch.go.jp/term/keyword/歴史--伝記--系譜・家伝,5
207,https://jpsearch.go.jp/term/keyword/歴史--伝記--系譜_家伝_紋章,5
208,https://jpsearch.go.jp/term/keyword/漢籍,4
209,https://jpsearch.go.jp/term/keyword/複製,4
210,https://jpsearch.go.jp/term/keyword/歌舞伎,4
211,https://jpsearch.go.jp/term/keyword/花鳥,4
212,https://jpsearch.go.jp/term/keyword/人物絵本,4
213,https://jpsearch.go.jp/term/keyword/絵手本_山水,4
214,https://jpsearch.go.jp/term/keyword/図案,4
215,https://jpsearch.go.jp/term/keyword/染織,4
216,https://jpsearch.go.jp/term/keyword/画譜・絵手本,4
217,https://jpsearch.go.jp/term/keyword/研究書,4
218,https://jpsearch.go.jp/term/keyword/滑稽本,4
219,https://jpsearch.go.jp/term/keyword/雑記,4
220,https://jpsearch.go.jp/term/keyword/博物,4
221,https://jpsearch.go.jp/term/keyword/植物_ショクブツ,4
222,https://jpsearch.go.jp/term/keyword/桜,4
223,http://jla.or.jp/data/ndc#627.7,4
224,https://jpsearch.go.jp/term/keyword/小幡家,4
225,https://jpsearch.go.jp/term/keyword/洋貨図録_調査・出版資料,4
226,https://jpsearch.go.jp/term/keyword/戊辰戦争,4
227,https://jpsearch.go.jp/term/keyword/兵制改革,4
228,https://jpsearch.go.jp/term/keyword/廃藩置県,4
229,https://jpsearch.go.jp/term/keyword/芸術--音楽・舞踊,4
230,https://jpsearch.go.jp/term/keyword/歴史--日本歴史--家伝,4
231,https://jpsearch.go.jp/term/keyword/神道,4
232,https://jpsearch.go.jp/term/keyword/金工,4
233,https://jpsearch.go.jp/term/keyword/政治,4
234,https://jpsearch.go.jp/term/keyword/文学--俳諧,4
235,https://jpsearch.go.jp/term/keyword/総記--叢書・全集,4
236,https://jpsearch.go.jp/term/keyword/俳諧_系譜,4
237,https://jpsearch.go.jp/term/keyword/絵本番附,4
238,https://jpsearch.go.jp/term/keyword/藩史,4
239,https://jpsearch.go.jp/term/keyword/将棋,4
240,https://jpsearch.go.jp/term/keyword/神祇,4
241,https://jpsearch.go.jp/term/keyword/囲碁,4
242,https://jpsearch.go.jp/term/keyword/日本・中国思想・宗教学・神道--仏教--禅宗,4
243,https://jpsearch.go.jp/term/keyword/外国史,4
244,https://jpsearch.go.jp/term/keyword/芸術--書画,4
245,https://jpsearch.go.jp/term/keyword/日蓮,4
246,https://jpsearch.go.jp/term/keyword/服部家旧蔵一般書--芸術--金石_付・印譜,4
247,https://jpsearch.go.jp/term/keyword/芸術--音楽・演劇--能の本,4
248,https://jpsearch.go.jp/term/keyword/文学--漢文--狂詩・狂文,4
249,https://jpsearch.go.jp/term/keyword/国漢書--増加分_未分類,4
250,https://jpsearch.go.jp/term/keyword/仏書--史伝部二_日本選述普通,4
251,https://jpsearch.go.jp/term/keyword/武学・武術--武具--刀剣,4
252,https://jpsearch.go.jp/term/keyword/音楽・演劇--演劇--古代劇--伎楽・雅楽,4
253,https://jpsearch.go.jp/term/keyword/音楽・演劇--演劇--能楽--謡本附小謡--能の本,4
254,https://jpsearch.go.jp/term/keyword/医学--漢方--本草--薬性附食治,4
255,https://jpsearch.go.jp/term/keyword/放鷹,4
256,https://jpsearch.go.jp/term/keyword/国書--音楽・演劇--淨瑠璃_附_人形劇--義太夫節,4
257,https://jpsearch.go.jp/term/keyword/国書の部--歴史,4
258,https://jpsearch.go.jp/term/keyword/風俗絵本,3
259,https://jpsearch.go.jp/term/keyword/工芸,3
260,https://jpsearch.go.jp/term/keyword/劇書,3
261,https://jpsearch.go.jp/term/keyword/役者絵本,3
262,https://jpsearch.go.jp/term/keyword/花鳥絵本,3
263,https://jpsearch.go.jp/term/keyword/系図,3
264,https://jpsearch.go.jp/term/keyword/写本,3
265,https://jpsearch.go.jp/term/keyword/弓術,3
266,https://jpsearch.go.jp/term/keyword/林業,3
267,https://jpsearch.go.jp/term/keyword/黄表紙,3
268,https://jpsearch.go.jp/term/keyword/伝記-日本,3
269,https://jpsearch.go.jp/term/keyword/藩主,3
270,https://jpsearch.go.jp/term/keyword/近代,3
271,https://jpsearch.go.jp/term/keyword/利長の出軍と丹羽長重,3
272,https://jpsearch.go.jp/term/keyword/時宗,3
273,https://jpsearch.go.jp/term/keyword/芸術--書道,3
274,https://jpsearch.go.jp/term/keyword/音韻,3
275,https://jpsearch.go.jp/term/keyword/歴史--日本史--雑史--日本史一般,3
276,https://jpsearch.go.jp/term/keyword/芸術--印章,3
277,https://jpsearch.go.jp/term/keyword/狂歌,3
278,https://jpsearch.go.jp/term/keyword/国書--歴史--日本史_系譜・家伝,3
279,https://jpsearch.go.jp/term/keyword/西高辻家蔵書--芸術--書画,3
280,https://jpsearch.go.jp/term/keyword/芸術--絵画--教育,3
281,https://jpsearch.go.jp/term/keyword/香道,3
282,https://jpsearch.go.jp/term/keyword/考証,3
283,https://jpsearch.go.jp/term/keyword/国書--芸術--書画・音楽,3
284,https://jpsearch.go.jp/term/keyword/宗教--仏教宗派,3
285,https://jpsearch.go.jp/term/keyword/郷土資料_筆書,3
286,https://jpsearch.go.jp/term/keyword/近世刊本--歴史--伝記--系譜,3
287,https://jpsearch.go.jp/term/keyword/近世刊本--芸術--絵画--書道_書画,3
288,https://jpsearch.go.jp/term/keyword/家譜,3
289,https://jpsearch.go.jp/term/keyword/有職故実,3
290,https://jpsearch.go.jp/term/keyword/総記--叢書,3
291,https://jpsearch.go.jp/term/keyword/諸芸--遊技・遊戯,3
292,https://jpsearch.go.jp/term/keyword/国書--文学・語学--語学,3
293,https://jpsearch.go.jp/term/keyword/武具,3
294,https://jpsearch.go.jp/term/keyword/国書--兵事・武技--武器,3
295,https://jpsearch.go.jp/term/keyword/国書--産業・科学--医学,3
296,https://jpsearch.go.jp/term/keyword/国書--美術・諸芸--楽舞,3
297,https://jpsearch.go.jp/term/keyword/総記--諸目録,3
298,https://jpsearch.go.jp/term/keyword/藩主--親族,3
299,https://jpsearch.go.jp/term/keyword/系譜_索引,3
300,https://jpsearch.go.jp/term/keyword/漢文,3
301,https://jpsearch.go.jp/term/keyword/江戸--歴史--日本史,3
302,https://jpsearch.go.jp/term/keyword/総記--随叢--雑編音楽・演劇--雑,3
303,https://jpsearch.go.jp/term/keyword/医学--漢方--本草,3
304,https://jpsearch.go.jp/term/keyword/芸術--音楽--総記,3
305,https://jpsearch.go.jp/term/keyword/音楽・演劇--音楽--絃楽,3
306,https://jpsearch.go.jp/term/keyword/仏教--宗派--禅宗--語録,3
307,https://jpsearch.go.jp/term/keyword/音楽・演劇--演劇--浄瑠璃--江戸浄瑠璃--常磐津,3
308,https://jpsearch.go.jp/term/keyword/音楽・演劇--演劇--歌舞伎--総記,3
309,https://jpsearch.go.jp/term/keyword/歴史--日本史--伝記--叢伝,3
310,https://jpsearch.go.jp/term/keyword/芸術--絵画--東洋画,3
311,https://jpsearch.go.jp/term/keyword/浄瑠璃_河東,3
312,https://jpsearch.go.jp/term/keyword/歴史--日本史--伝記・系譜,3
313,https://jpsearch.go.jp/term/keyword/文学--漢文--詩文評・作詩作文,3
314,https://jpsearch.go.jp/term/keyword/哲学--仏教--浄土宗,3
315,https://jpsearch.go.jp/term/keyword/歴史--日本史--地方,3
316,https://jpsearch.go.jp/term/keyword/芸術--書画・考古・印譜,3
317,https://jpsearch.go.jp/term/keyword/諸芸--茶道,3
318,https://jpsearch.go.jp/term/keyword/国書の部--芸術--書道,3
319,https://jpsearch.go.jp/term/keyword/芸術--書跡・法帖・拓本,3
320,https://jpsearch.go.jp/term/keyword/風俗--貨幣,3
321,https://jpsearch.go.jp/term/keyword/戯画,2
322,https://jpsearch.go.jp/term/keyword/狂画,2
323,https://jpsearch.go.jp/term/keyword/遊女絵本,2
324,https://jpsearch.go.jp/term/keyword/武者絵本,2
325,https://jpsearch.go.jp/term/keyword/昆虫画,2
326,https://jpsearch.go.jp/term/keyword/絵画_漢詩_和歌,2
327,https://jpsearch.go.jp/term/keyword/儀礼,2
328,https://jpsearch.go.jp/term/keyword/調度,2
329,https://jpsearch.go.jp/term/keyword/義太夫正本,2
330,https://jpsearch.go.jp/term/keyword/異種百人一首,2
331,https://jpsearch.go.jp/term/keyword/名所図会,2
332,https://jpsearch.go.jp/term/keyword/音曲,2
333,https://jpsearch.go.jp/term/keyword/文法,2
334,https://jpsearch.go.jp/term/keyword/庭園,2
335,https://jpsearch.go.jp/term/keyword/詞,2
336,https://jpsearch.go.jp/term/keyword/御詠歌,2
337,https://jpsearch.go.jp/term/keyword/藩主一般,2
338,https://jpsearch.go.jp/term/keyword/藩士,2
339,https://jpsearch.go.jp/term/keyword/由緒・系譜,2
340,https://jpsearch.go.jp/term/keyword/由緒・系図関係,2
341,https://jpsearch.go.jp/term/keyword/学芸関係,2
342,https://jpsearch.go.jp/term/keyword/租税,2
343,https://jpsearch.go.jp/term/keyword/御蔵修覆,2
344,https://jpsearch.go.jp/term/keyword/武家文書,2
345,https://jpsearch.go.jp/term/keyword/齊泰の長連恭に與へたる命令,2
346,https://jpsearch.go.jp/term/keyword/長藩の出京と加賀藩との交渉,2
347,http://id.ndl.go.jp/class/ndc9/288.3,2
348,https://jpsearch.go.jp/term/keyword/伝記・系譜,2
349,https://jpsearch.go.jp/term/keyword/芸術・美術--花道,2
350,https://jpsearch.go.jp/term/keyword/芸能,2
351,https://jpsearch.go.jp/term/keyword/総記--雑書,2
352,https://jpsearch.go.jp/term/keyword/自然科学--薬学・本草学,2
353,https://jpsearch.go.jp/term/keyword/竹川家資料--竹斎編著書,2
354,https://jpsearch.go.jp/term/keyword/書目,2
355,https://jpsearch.go.jp/term/keyword/馬具,2
356,https://jpsearch.go.jp/term/keyword/文学--歌謡,2
357,https://jpsearch.go.jp/term/keyword/浄瑠璃_半太夫,2
358,https://jpsearch.go.jp/term/keyword/芸術--茶道・香道,2
359,https://jpsearch.go.jp/term/keyword/旧蔵書,2
360,https://jpsearch.go.jp/term/keyword/歴史--日本歴史--伝記,2
361,https://jpsearch.go.jp/term/keyword/産業,2
362,https://jpsearch.go.jp/term/keyword/浄瑠璃_新内,2
363,https://jpsearch.go.jp/term/keyword/音楽_演劇,2
364,https://jpsearch.go.jp/term/keyword/小鳥居家蔵書--総記--郷土資料,2
365,https://jpsearch.go.jp/term/keyword/日本史,2
366,https://jpsearch.go.jp/term/keyword/国書の部--歴史--雑史,2
367,https://jpsearch.go.jp/term/keyword/国書の部--芸術--書道・絵画,2
368,https://jpsearch.go.jp/term/keyword/浄瑠璃_富本,2
369,https://jpsearch.go.jp/term/keyword/文学--日本漢詩文,2
370,https://jpsearch.go.jp/term/keyword/和書--歴史--系譜・伝記,2
371,https://jpsearch.go.jp/term/keyword/系譜_目録,2
372,https://jpsearch.go.jp/term/keyword/随筆,2
373,https://jpsearch.go.jp/term/keyword/浄瑠璃_常磐津,2
374,https://jpsearch.go.jp/term/keyword/演劇_絵本,2
375,https://jpsearch.go.jp/term/keyword/画帖・拓本,2
376,https://jpsearch.go.jp/term/keyword/アイヌ関係,2
377,https://jpsearch.go.jp/term/keyword/芸術--茶湯・生花,2
378,https://jpsearch.go.jp/term/keyword/国書之部--芸術--絵画,2
379,https://jpsearch.go.jp/term/keyword/古書類_筆書_--歴史,2
380,https://jpsearch.go.jp/term/keyword/古書類_木版刷_--歴史--日本歴史,2
381,https://jpsearch.go.jp/term/keyword/古書類_木版刷_--美術・技芸,2
382,https://jpsearch.go.jp/term/keyword/文学・語学--小説・戯曲・戯文,2
383,https://jpsearch.go.jp/term/keyword/国書等和装本--文学--日本文学--詩歌・韻文・詩文,2
384,https://jpsearch.go.jp/term/keyword/自然科学--動物学,2
385,https://jpsearch.go.jp/term/keyword/産業--園芸,2
386,https://jpsearch.go.jp/term/keyword/産業--花卉園芸,2
387,https://jpsearch.go.jp/term/keyword/近世刊本--芸術--箏曲,2
388,https://jpsearch.go.jp/term/keyword/修験道,2
389,https://jpsearch.go.jp/term/keyword/料理,2
390,https://jpsearch.go.jp/term/keyword/飲食,2
391,https://jpsearch.go.jp/term/keyword/文学--日本文学--日本漢詩文,2
392,https://jpsearch.go.jp/term/keyword/花押_印章,2
393,https://jpsearch.go.jp/term/keyword/補任,2
394,https://jpsearch.go.jp/term/keyword/狂言,2
395,https://jpsearch.go.jp/term/keyword/経済,2
396,https://jpsearch.go.jp/term/keyword/通史,2
397,https://jpsearch.go.jp/term/keyword/一般図書--芸術,2
398,https://jpsearch.go.jp/term/keyword/一般図書--語学,2
399,https://jpsearch.go.jp/term/keyword/俳諧--寛政9年,2
400,https://jpsearch.go.jp/term/keyword/産業・土木・交通--諸産業,2
401,https://jpsearch.go.jp/term/keyword/芸術・遊芸,2
402,https://jpsearch.go.jp/term/keyword/天文,2
403,https://jpsearch.go.jp/term/keyword/音楽・演劇--能楽能の本,2
404,https://jpsearch.go.jp/term/keyword/江戸--音楽・演劇--雅楽,2
405,https://jpsearch.go.jp/term/keyword/江戸--理学--化学,2
406,https://jpsearch.go.jp/term/keyword/歴史--近世,2
407,https://jpsearch.go.jp/term/keyword/自然科学--医学--和漢医学・古方--本草--諸家本草,2
408,https://jpsearch.go.jp/term/keyword/俳諧_含雑俳_--年代不明,2
409,https://jpsearch.go.jp/term/keyword/史書,2
410,https://jpsearch.go.jp/term/keyword/紋章,2
411,https://jpsearch.go.jp/term/keyword/音楽・演劇--能楽--謡本--能の本,2
412,https://jpsearch.go.jp/term/keyword/製紙,2
413,https://jpsearch.go.jp/term/keyword/和書の部--音楽・演劇--能楽--能の本,2
414,https://jpsearch.go.jp/term/keyword/蹴鞠,2
415,https://jpsearch.go.jp/term/keyword/一般資料--芸術--碁・将棋,2
416,https://jpsearch.go.jp/term/keyword/音楽・演劇--幸若舞,2
417,https://jpsearch.go.jp/term/keyword/香・茶・生花,2
418,https://jpsearch.go.jp/term/keyword/古銭書,2
419,https://jpsearch.go.jp/term/keyword/地理--日本地誌--地方誌--北陸道,2
420,https://jpsearch.go.jp/term/keyword/農書,2
421,https://jpsearch.go.jp/term/keyword/芸術--絵画_附印譜_--画論・画法,2
422,https://jpsearch.go.jp/term/keyword/芸術--音楽--管弦,2
423,https://jpsearch.go.jp/term/keyword/浄瑠璃丸本,2
424,https://jpsearch.go.jp/term/keyword/百人一首--異種,2
425,https://jpsearch.go.jp/term/keyword/国漢書--史伝部三_日本伝記,2
426,https://jpsearch.go.jp/term/keyword/和装本_袋綴線装本_の部--歴史--伝記,2
427,https://jpsearch.go.jp/term/keyword/和装本_袋綴線装本_の部--芸術--音楽・舞踊,2
428,https://jpsearch.go.jp/term/keyword/音楽・演劇--総記,2
429,https://jpsearch.go.jp/term/keyword/政治・法制附故実--典例・儀式--装束・服飾,2
430,https://jpsearch.go.jp/term/keyword/音楽・演劇--演劇--能楽--型付・囃手付,2
431,https://jpsearch.go.jp/term/keyword/音楽・演劇--演劇--浄瑠璃--江戸浄瑠璃--新内,2
432,https://jpsearch.go.jp/term/keyword/音楽・演劇--演劇--歌舞伎--評判記,2
433,https://jpsearch.go.jp/term/keyword/地理--外国地誌--世界誌,2
434,https://jpsearch.go.jp/term/keyword/医学--漢方--本草--総記,2
435,https://jpsearch.go.jp/term/keyword/芸術--書画--印譜,2
436,https://jpsearch.go.jp/term/keyword/黄檗,2
437,https://jpsearch.go.jp/term/keyword/陶磁,2
438,https://jpsearch.go.jp/term/keyword/仏教_伝記,2
439,https://jpsearch.go.jp/term/keyword/芸術--書道--文房具,2
440,https://jpsearch.go.jp/term/keyword/浄瑠璃_半太夫・河東,2
441,https://jpsearch.go.jp/term/keyword/音楽_系譜,2
442,https://jpsearch.go.jp/term/keyword/治水,2
443,https://jpsearch.go.jp/term/keyword/説経_浄瑠璃,2
444,https://jpsearch.go.jp/term/keyword/日本思想--国学_付復古神道,2
445,https://jpsearch.go.jp/term/keyword/医学--本草,2
446,https://jpsearch.go.jp/term/keyword/国書--音楽・演劇--能楽--謡本_付_久世舞・小謡能の本,2
447,https://jpsearch.go.jp/term/keyword/国書--武学・武術--馬術,2
448,https://jpsearch.go.jp/term/keyword/院本--義太夫節--合作物,2
449,https://jpsearch.go.jp/term/keyword/番附,2
450,https://jpsearch.go.jp/term/keyword/芸術・美術--工芸--金工芸・刀剣・甲冑,2
451,https://jpsearch.go.jp/term/keyword/自然科学--医学・本草学,2
452,https://jpsearch.go.jp/term/keyword/仏教・基督教他--仏教,2
453,https://jpsearch.go.jp/term/keyword/医学--漢方附本草--本草,2
454,https://jpsearch.go.jp/term/keyword/芸術--金石,2
455,https://jpsearch.go.jp/term/keyword/参考資料,2
456,https://jpsearch.go.jp/term/keyword/歴史科学,2
457,https://jpsearch.go.jp/term/keyword/国書の部--歴史--伝記,2
458,https://jpsearch.go.jp/term/keyword/国書の部--自然科学--薬学,2
459,https://jpsearch.go.jp/term/keyword/地方史料之部--一般資料--家系系図,2
460,https://jpsearch.go.jp/term/keyword/無量寿経教系--宗派,2
461,https://jpsearch.go.jp/term/keyword/社会科学--学習指導_教科課程--教科書,2
462,https://jpsearch.go.jp/term/keyword/歌学,2
463,https://jpsearch.go.jp/term/keyword/史部傳記類,2
464,https://jpsearch.go.jp/term/keyword/家系,1
465,https://jpsearch.go.jp/term/keyword/幕藩関係,1
466,https://jpsearch.go.jp/term/keyword/落款,1
467,https://jpsearch.go.jp/term/keyword/狂句,1
468,https://jpsearch.go.jp/term/keyword/人物画本,1
469,https://jpsearch.go.jp/term/keyword/役者俳諧,1
470,https://jpsearch.go.jp/term/keyword/俳画,1
471,https://jpsearch.go.jp/term/keyword/解説,1
472,https://jpsearch.go.jp/term/keyword/書画人伝,1
473,https://jpsearch.go.jp/term/keyword/芸能・音楽,1
474,https://jpsearch.go.jp/term/keyword/魚介画,1
475,https://jpsearch.go.jp/term/keyword/動物画,1
476,https://jpsearch.go.jp/term/keyword/絵巻,1
477,https://jpsearch.go.jp/term/keyword/漢詩本,1
478,https://jpsearch.go.jp/term/keyword/衛手本,1
479,https://jpsearch.go.jp/term/keyword/名所図絵,1
480,https://jpsearch.go.jp/term/keyword/画帳,1
481,https://jpsearch.go.jp/term/keyword/風景,1
482,https://jpsearch.go.jp/term/keyword/華鳥,1
483,https://jpsearch.go.jp/term/keyword/絵手本_人物,1
484,https://jpsearch.go.jp/term/keyword/博覧会,1
485,https://jpsearch.go.jp/term/keyword/鳥羽絵,1
486,https://jpsearch.go.jp/term/keyword/肉筆画稿帖,1
487,https://jpsearch.go.jp/term/keyword/和古書,1
488,https://jpsearch.go.jp/term/keyword/解説書,1
489,https://jpsearch.go.jp/term/keyword/伝記・叢伝,1
490,https://jpsearch.go.jp/term/keyword/自筆原稿,1
491,https://jpsearch.go.jp/term/keyword/工芸図鑑,1
492,https://jpsearch.go.jp/term/keyword/京都,1
493,https://jpsearch.go.jp/term/keyword/祇園祭,1
494,https://jpsearch.go.jp/term/keyword/絵本_武者絵本,1
495,https://jpsearch.go.jp/term/keyword/能楽,1
496,https://jpsearch.go.jp/term/keyword/能画,1
497,https://jpsearch.go.jp/term/keyword/浄瑠璃・義太夫,1
498,https://jpsearch.go.jp/term/keyword/義太夫丸本,1
499,https://jpsearch.go.jp/term/keyword/歌舞伎・江戸・絵本番付,1
500,https://jpsearch.go.jp/term/keyword/歌舞伎役者,1
501,http://jla.or.jp/data/ndc#625.3,1
502,https://jpsearch.go.jp/term/keyword/柑橘類,1
503,https://jpsearch.go.jp/term/keyword/外国風俗,1
504,http://jla.or.jp/data/ndc#490,1
505,https://jpsearch.go.jp/term/keyword/徳川光圀,1
506,https://jpsearch.go.jp/term/keyword/小林広業,1
507,https://jpsearch.go.jp/term/keyword/日本--歴史--史料,1
508,https://jpsearch.go.jp/term/keyword/本多家-系譜,1
509,https://jpsearch.go.jp/term/keyword/臨済宗,1
510,https://jpsearch.go.jp/term/keyword/仏教-法話,1
511,https://jpsearch.go.jp/term/keyword/曹洞宗,1
512,https://jpsearch.go.jp/term/keyword/小幡家_洋貨図録_調査・出版資料,1
513,https://jpsearch.go.jp/term/keyword/武学,1
514,https://jpsearch.go.jp/term/keyword/学芸,1
515,https://jpsearch.go.jp/term/keyword/橋普請等,1
516,https://jpsearch.go.jp/term/keyword/土木,1
517,https://jpsearch.go.jp/term/keyword/家,1
518,https://jpsearch.go.jp/term/keyword/武村家,1
519,https://jpsearch.go.jp/term/keyword/青木家文書,1
520,https://jpsearch.go.jp/term/keyword/藩臣,1
521,https://jpsearch.go.jp/term/keyword/鹿野村恒方文書,1
522,https://jpsearch.go.jp/term/keyword/村方文書,1
523,https://jpsearch.go.jp/term/keyword/金城出府記録史料,1
524,https://jpsearch.go.jp/term/keyword/班軍は豫定の行動,1
525,https://jpsearch.go.jp/term/keyword/利長江戸に拜謝す,1
526,https://jpsearch.go.jp/term/keyword/幕府新川郡の返上を前田氏に命ず,1
527,https://jpsearch.go.jp/term/keyword/利常の土井利勝に與ふる書,1
528,https://jpsearch.go.jp/term/keyword/利常の本多正信等に與ふる書,1
529,https://jpsearch.go.jp/term/keyword/利孝七日市侯に封ぜらる,1
530,https://jpsearch.go.jp/term/keyword/課役の沿革,1
531,https://jpsearch.go.jp/term/keyword/火災に關する記録,1
532,https://jpsearch.go.jp/term/keyword/諸橋大夫と波吉大夫,1
533,https://jpsearch.go.jp/term/keyword/寳生大夫の祿仕,1
534,https://jpsearch.go.jp/term/keyword/愛本橋の架設,1
535,https://jpsearch.go.jp/term/keyword/寺中の神事能と諸橋波吉兩大夫,1
536,https://jpsearch.go.jp/term/keyword/能役者の保護,1
537,https://jpsearch.go.jp/term/keyword/樗庵麥水と諸橋大夫,1
538,https://jpsearch.go.jp/term/keyword/加賀藩と幕吏との交渉,1
539,https://jpsearch.go.jp/term/keyword/藩軍出征と長藩の歸順,1
540,https://jpsearch.go.jp/term/keyword/藩軍の凱旋,1
541,https://jpsearch.go.jp/term/keyword/武備振張の告諭,1
542,https://jpsearch.go.jp/term/keyword/慶寧の命令,1
543,https://jpsearch.go.jp/term/keyword/陪臣の待遇改定,1
544,https://jpsearch.go.jp/term/keyword/廢藩置縣,1
545,https://jpsearch.go.jp/term/keyword/宇田川玄眞と蘭法醫術の初試,1
546,http://id.ndl.go.jp/class/ndc9/291.24,1
547,http://id.ndl.go.jp/class/ndc9/384.9,1
548,http://id.ndl.go.jp/class/ndc9/791,1
549,http://id.ndl.go.jp/class/ndc9/289.1,1
550,http://id.ndl.go.jp/class/ndc9/188.85,1
551,http://id.ndl.go.jp/class/ndc9/188.72,1
552,http://id.ndl.go.jp/class/ndc9/611.39,1
553,http://id.ndl.go.jp/class/ndc9/474,1
554,http://id.ndl.go.jp/class/ndc9/627.55,1
555,http://id.ndl.go.jp/class/ndc9/627,1
556,http://id.ndl.go.jp/class/ndc9/768.6,1
557,http://id.ndl.go.jp/class/ndc9/129.1,1
558,http://id.ndl.go.jp/class/ndc9/821.2,1
559,http://id.ndl.go.jp/class/ndc9/929.1,1
560,http://id.ndl.go.jp/class/ndc9/337.23,1
561,http://id.ndl.go.jp/class/ndc9/756.21,1
562,http://id.ndl.go.jp/class/ndc9/575.98,1
563,http://id.ndl.go.jp/class/ndc9/721.82,1
564,http://id.ndl.go.jp/class/ndc9/210.098,1
565,http://id.ndl.go.jp/class/ndc9/722.25,1
566,http://id.ndl.go.jp/class/ndc9/768.12,1
567,https://jpsearch.go.jp/term/keyword/芸術--印篆,1
568,https://jpsearch.go.jp/term/keyword/芸術--諸芸・娯楽,1
569,https://jpsearch.go.jp/term/keyword/紋章_調度,1
570,https://jpsearch.go.jp/term/keyword/歌謡_心学,1
571,https://jpsearch.go.jp/term/keyword/哲学--仏教,1
572,https://jpsearch.go.jp/term/keyword/社会科学--経済--貨幣・通貨・為替,1
573,https://jpsearch.go.jp/term/keyword/芸術・美術--絵画--日本画,1
574,https://jpsearch.go.jp/term/keyword/芸術・美術--絵画--絵画材料及び技法,1
575,https://jpsearch.go.jp/term/keyword/芸術・美術--邦楽,1
576,https://jpsearch.go.jp/term/keyword/芸術・美術--武道,1
577,https://jpsearch.go.jp/term/keyword/郷土資料--歴史,1
578,https://jpsearch.go.jp/term/keyword/庶民教育,1
579,https://jpsearch.go.jp/term/keyword/歴史_伝記_--系譜,1
580,https://jpsearch.go.jp/term/keyword/歴史_伝記_--個人伝記・書翰,1
581,https://jpsearch.go.jp/term/keyword/社会科学--政治・法制史・経済,1
582,https://jpsearch.go.jp/term/keyword/芸術--印章・陶磁工芸,1
583,https://jpsearch.go.jp/term/keyword/竹川家資料--竹斎記録・文書,1
584,https://jpsearch.go.jp/term/keyword/竹川家資料--掛幅・巻子,1
585,https://jpsearch.go.jp/term/keyword/総記--手記・備忘,1
586,https://jpsearch.go.jp/term/keyword/歴史科学--歴史,1
587,https://jpsearch.go.jp/term/keyword/歴史科学_日本歴史_--伝記・系譜,1
588,https://jpsearch.go.jp/term/keyword/産業--花譜・造園,1
589,https://jpsearch.go.jp/term/keyword/三味線,1
590,https://jpsearch.go.jp/term/keyword/歴史科学--国史学・通史・その他,1
591,https://jpsearch.go.jp/term/keyword/芸術--絵画・書道・邦楽,1
592,https://jpsearch.go.jp/term/keyword/準漢籍--経部--春秋類--左氏伝,1
593,https://jpsearch.go.jp/term/keyword/謡曲_能の本,1
594,https://jpsearch.go.jp/term/keyword/歴史--古銭学,1
595,https://jpsearch.go.jp/term/keyword/自然科学--岩石学,1
596,https://jpsearch.go.jp/term/keyword/芸術--書画一覧・書画人名録,1
597,https://jpsearch.go.jp/term/keyword/芸術--日本画,1
598,https://jpsearch.go.jp/term/keyword/芸術--文具,1
599,https://jpsearch.go.jp/term/keyword/芸術--金工芸・武具,1
600,https://jpsearch.go.jp/term/keyword/芸術--雅楽,1
601,https://jpsearch.go.jp/term/keyword/準漢籍--子部,1
602,https://jpsearch.go.jp/term/keyword/漢詩_和歌_音楽,1
603,https://jpsearch.go.jp/term/keyword/国書--武学・武術--武具,1
604,https://jpsearch.go.jp/term/keyword/別置の部--郷土先賢遺稿--古処,1
605,https://jpsearch.go.jp/term/keyword/自著_漢文撰述_--史纂--史伝,1
606,https://jpsearch.go.jp/term/keyword/文学--日本文学--詩歌,1
607,https://jpsearch.go.jp/term/keyword/歴史--日本歴史--叢書,1
608,https://jpsearch.go.jp/term/keyword/歴史--日本歴史--地理,1
609,https://jpsearch.go.jp/term/keyword/自然科学--数学・化学・天文学・生物学,1
610,https://jpsearch.go.jp/term/keyword/芸術--書道・絵画,1
611,https://jpsearch.go.jp/term/keyword/神祇_付国学,1
612,https://jpsearch.go.jp/term/keyword/文学--日本漢文,1
613,https://jpsearch.go.jp/term/keyword/政治・法制,1
614,https://jpsearch.go.jp/term/keyword/雑俳,1
615,https://jpsearch.go.jp/term/keyword/説経,1
616,https://jpsearch.go.jp/term/keyword/歴史--地誌・紀行,1
617,https://jpsearch.go.jp/term/keyword/文学--日本文学--随筆,1
618,https://jpsearch.go.jp/term/keyword/天満宮文庫蔵書--自然科学--動植物学,1
619,https://jpsearch.go.jp/term/keyword/天満宮文庫蔵書--語学--中国語,1
620,https://jpsearch.go.jp/term/keyword/小鳥居家蔵書--自然科学,1
621,https://jpsearch.go.jp/term/keyword/絵画_和歌_漢詩,1
622,https://jpsearch.go.jp/term/keyword/医学--総記--歴史--伝記--叢伝,1
623,https://jpsearch.go.jp/term/keyword/医学--総記--図譜,1
624,https://jpsearch.go.jp/term/keyword/医学--漢方--総説,1
625,https://jpsearch.go.jp/term/keyword/読本,1
626,https://jpsearch.go.jp/term/keyword/図書・雑誌の部--芸術--音楽--邦楽,1
627,https://jpsearch.go.jp/term/keyword/外国語,1
628,https://jpsearch.go.jp/term/keyword/仏教・その他宗教,1
629,https://jpsearch.go.jp/term/keyword/歴史--日本,1
630,https://jpsearch.go.jp/term/keyword/社会科学--国防・軍事,1
631,https://jpsearch.go.jp/term/keyword/産業--版画,1
632,https://jpsearch.go.jp/term/keyword/国書の部--総記--随筆,1
633,https://jpsearch.go.jp/term/keyword/漢籍の部--経部--小学類,1
634,https://jpsearch.go.jp/term/keyword/祭祀_歌謡,1
635,https://jpsearch.go.jp/term/keyword/伝記_地誌,1
636,https://jpsearch.go.jp/term/keyword/植物_和歌,1
637,https://jpsearch.go.jp/term/keyword/和漢書--歴史・伝記・地誌--系譜・家伝・皇室,1
638,https://jpsearch.go.jp/term/keyword/総記--双書・全集,1
639,https://jpsearch.go.jp/term/keyword/浄瑠璃_一中・宮古路・薗八,1
640,https://jpsearch.go.jp/term/keyword/歴史--医学--漢方,1
641,https://jpsearch.go.jp/term/keyword/歴史--芸術--書画,1
642,https://jpsearch.go.jp/term/keyword/俳文,1
643,https://jpsearch.go.jp/term/keyword/和書--総記--叢書,1
644,https://jpsearch.go.jp/term/keyword/和書--自然科学,1
645,https://jpsearch.go.jp/term/keyword/目録,1
646,https://jpsearch.go.jp/term/keyword/諸芸,1
647,https://jpsearch.go.jp/term/keyword/国書--写本,1
648,https://jpsearch.go.jp/term/keyword/洒落本,1
649,https://jpsearch.go.jp/term/keyword/歴史・伝記の部--系譜・家史・皇室,1
650,https://jpsearch.go.jp/term/keyword/芸術・武道・諸芸の部--音楽_雅楽・舞楽・能楽,1
651,https://jpsearch.go.jp/term/keyword/絵画_伝記,1
652,https://jpsearch.go.jp/term/keyword/国書--総記--図書,1
653,https://jpsearch.go.jp/term/keyword/国書--総記--叢書,1
654,https://jpsearch.go.jp/term/keyword/歴史--系譜・紋章・皇室,1
655,https://jpsearch.go.jp/term/keyword/紀行,1
656,https://jpsearch.go.jp/term/keyword/絵画_印章,1
657,https://jpsearch.go.jp/term/keyword/系譜_日記,1
658,https://jpsearch.go.jp/term/keyword/神道_楽譜,1
659,https://jpsearch.go.jp/term/keyword/浄瑠璃_大薩摩_長唄,1
660,https://jpsearch.go.jp/term/keyword/歴史--系譜家伝,1
661,https://jpsearch.go.jp/term/keyword/自然科学--薬学,1
662,https://jpsearch.go.jp/term/keyword/舞踊,1
663,https://jpsearch.go.jp/term/keyword/歴史・伝記--文書・記録,1
664,https://jpsearch.go.jp/term/keyword/芸術--書・画,1
665,https://jpsearch.go.jp/term/keyword/国書之部--芸術--工芸,1
666,https://jpsearch.go.jp/term/keyword/系譜_伝記,1
667,https://jpsearch.go.jp/term/keyword/歌学_楽譜,1
668,https://jpsearch.go.jp/term/keyword/最上流算書--佐久間一家,1
669,https://jpsearch.go.jp/term/keyword/天文・暦・測量・航海・地方・度量衡・雑,1
670,https://jpsearch.go.jp/term/keyword/医学--薬学,1
671,https://jpsearch.go.jp/term/keyword/文学・語学--文集・随筆・雑考,1
672,https://jpsearch.go.jp/term/keyword/国書等和装本--郷土資料--論文集・講演集,1
673,https://jpsearch.go.jp/term/keyword/国書等和装本--文学--日本文学--詩歌,1
674,https://jpsearch.go.jp/term/keyword/準漢籍--書および書道,1
675,https://jpsearch.go.jp/term/keyword/国書--歴史--伝記,1
676,https://jpsearch.go.jp/term/keyword/国書--地理--日本地誌--地方誌,1
677,https://jpsearch.go.jp/term/keyword/国書--芸術--音楽,1
678,https://jpsearch.go.jp/term/keyword/国書--理学--博物学--植物,1
679,https://jpsearch.go.jp/term/keyword/産業--花卉園芸--多年草,1
680,https://jpsearch.go.jp/term/keyword/産業--花卉園芸--盆栽,1
681,https://jpsearch.go.jp/term/keyword/自然科学--眼科学,1
682,https://jpsearch.go.jp/term/keyword/文学・語学--和歌,1
683,https://jpsearch.go.jp/term/keyword/近世刊本--哲学--仏教--声明・諷誦・仏教音楽_和讃,1
684,https://jpsearch.go.jp/term/keyword/近世刊本--歴史--古文書学_花押,1
685,https://jpsearch.go.jp/term/keyword/近世刊本--自然科学--薬学_薬物_--本草学,1
686,https://jpsearch.go.jp/term/keyword/近世刊本--産業--園芸,1
687,https://jpsearch.go.jp/term/keyword/近世刊本--芸術--雅楽,1
688,https://jpsearch.go.jp/term/keyword/近世刊本--芸術--茶道,1
689,https://jpsearch.go.jp/term/keyword/近世刊本--文学--詩歌_歌文_--俳諧,1
690,https://jpsearch.go.jp/term/keyword/石川県関係刊本--歴史--日本史,1
691,https://jpsearch.go.jp/term/keyword/明治以前の書籍--和書,1
692,https://jpsearch.go.jp/term/keyword/歴史・地理--日本歴史・伝記,1
693,https://jpsearch.go.jp/term/keyword/歴史・地理--中国歴史・伝記,1
694,https://jpsearch.go.jp/term/keyword/理学・医学--和漢方,1
695,https://jpsearch.go.jp/term/keyword/思想・宗教--仏教,1
696,https://jpsearch.go.jp/term/keyword/芸術--香道,1
697,https://jpsearch.go.jp/term/keyword/暦,1
698,https://jpsearch.go.jp/term/keyword/総記--随叢,1
699,https://jpsearch.go.jp/term/keyword/経済--度量衡・貨幣--貨幣,1
700,https://jpsearch.go.jp/term/keyword/合巻,1
701,https://jpsearch.go.jp/term/keyword/能_評判記,1
702,https://jpsearch.go.jp/term/keyword/祭祀,1
703,https://jpsearch.go.jp/term/keyword/寺誌,1
704,https://jpsearch.go.jp/term/keyword/国書--歴史・伝記--史料,1
705,https://jpsearch.go.jp/term/keyword/外事,1
706,https://jpsearch.go.jp/term/keyword/服飾,1
707,https://jpsearch.go.jp/term/keyword/鍼灸,1
708,https://jpsearch.go.jp/term/keyword/国書--地理・交通--名所図会・案内・地図,1
709,https://jpsearch.go.jp/term/keyword/浄瑠璃_説経,1
710,https://jpsearch.go.jp/term/keyword/聯珠,1
711,https://jpsearch.go.jp/term/keyword/禅学--清規--日本・朝鮮諸清規,1
712,https://jpsearch.go.jp/term/keyword/禅学--伝記--日本・朝鮮各伝,1
713,https://jpsearch.go.jp/term/keyword/禅学--日本語録--日本曹洞語録,1
714,https://jpsearch.go.jp/term/keyword/軍事・工学・産業・芸術,1
715,https://jpsearch.go.jp/term/keyword/仏教学,1
716,https://jpsearch.go.jp/term/keyword/歴史・伝記・地理--伝記,1
717,https://jpsearch.go.jp/term/keyword/槍術,1
718,https://jpsearch.go.jp/term/keyword/国書--美術・諸芸,1
719,https://jpsearch.go.jp/term/keyword/音楽・演劇--歌謡,1
720,https://jpsearch.go.jp/term/keyword/特殊コレクション--洋学関係--古文書類--地理・歴史,1
721,https://jpsearch.go.jp/term/keyword/一般図書--歴史,1
722,https://jpsearch.go.jp/term/keyword/国書--美術・諸芸--工芸,1
723,https://jpsearch.go.jp/term/keyword/国書--美術・諸芸--香・茶・挿花,1
724,https://jpsearch.go.jp/term/keyword/俳諧--宝暦元・寛延4年,1
725,https://jpsearch.go.jp/term/keyword/国書--美術・諸芸--遊戯・飲食,1
726,https://jpsearch.go.jp/term/keyword/俳諧--天明6年,1
727,https://jpsearch.go.jp/term/keyword/俳諧--文政6年,1
728,https://jpsearch.go.jp/term/keyword/俳諧--天保12年,1
729,https://jpsearch.go.jp/term/keyword/俳諧--明治18年,1
730,https://jpsearch.go.jp/term/keyword/俳諧--書簡集,1
731,https://jpsearch.go.jp/term/keyword/系譜_家伝,1
732,https://jpsearch.go.jp/term/keyword/書道_系譜,1
733,https://jpsearch.go.jp/term/keyword/物語,1
734,https://jpsearch.go.jp/term/keyword/家制・習俗,1
735,https://jpsearch.go.jp/term/keyword/明治維新--明治16年以後の郷土資料,1
736,https://jpsearch.go.jp/term/keyword/和書_明治以後,1
737,https://jpsearch.go.jp/term/keyword/書画_名鑑,1
738,https://jpsearch.go.jp/term/keyword/宗教--仏教,1
739,https://jpsearch.go.jp/term/keyword/武芸--武術--砲術・鉄砲付火薬,1
740,https://jpsearch.go.jp/term/keyword/歴史--記録・文書,1
741,https://jpsearch.go.jp/term/keyword/芸術・遊戯--芸術,1
742,https://jpsearch.go.jp/term/keyword/歴史--史論・通史・雑史・伝記・系譜,1
743,https://jpsearch.go.jp/term/keyword/法制--法令,1
744,https://jpsearch.go.jp/term/keyword/教育--教科書--理科,1
745,https://jpsearch.go.jp/term/keyword/芸術・趣味--絵画,1
746,https://jpsearch.go.jp/term/keyword/芸術・趣味--香道・その他,1
747,https://jpsearch.go.jp/term/keyword/芸術・趣味,1
748,https://jpsearch.go.jp/term/keyword/菅原道真・天満宮,1
749,https://jpsearch.go.jp/term/keyword/文学--漢詩,1
750,https://jpsearch.go.jp/term/keyword/文学--古代歌謡--神楽歌・催馬楽,1
751,https://jpsearch.go.jp/term/keyword/仏教_年譜,1
752,https://jpsearch.go.jp/term/keyword/江戸--言語--音韻,1
753,https://jpsearch.go.jp/term/keyword/江戸--音楽・演劇--雅楽--能間,1
754,https://jpsearch.go.jp/term/keyword/江戸--音楽・演劇--雑,1
755,https://jpsearch.go.jp/term/keyword/江戸--諸芸--茶道,1
756,https://jpsearch.go.jp/term/keyword/農業,1
757,https://jpsearch.go.jp/term/keyword/文学--古代歌謡,1
758,https://jpsearch.go.jp/term/keyword/--音楽・演劇--歌舞伎,1
759,https://jpsearch.go.jp/term/keyword/経済・法制,1
760,https://jpsearch.go.jp/term/keyword/諸芸・娯楽--箏曲,1
761,https://jpsearch.go.jp/term/keyword/服部家歴代著述類--服部家記録類--系譜,1
762,https://jpsearch.go.jp/term/keyword/服部家旧蔵一般書--文学--漢詩--雑書・雑誌,1
763,https://jpsearch.go.jp/term/keyword/服部家旧蔵一般書--芸術--絵画,1
764,https://jpsearch.go.jp/term/keyword/服部家旧蔵一般書--芸術--能楽,1
765,https://jpsearch.go.jp/term/keyword/服部家旧蔵一般書--歴史--通史・時代史・地方史,1
766,https://jpsearch.go.jp/term/keyword/服部家旧蔵一般書--伝記--皇室,1
767,https://jpsearch.go.jp/term/keyword/服部家旧蔵一般書--医学,1
768,https://jpsearch.go.jp/term/keyword/俳諧_含雑俳_--寛延4_宝暦元_年,1
769,https://jpsearch.go.jp/term/keyword/俳諧_含雑俳_--天保期,1
770,https://jpsearch.go.jp/term/keyword/その他--その他,1
771,https://jpsearch.go.jp/term/keyword/武家故実,1
772,https://jpsearch.go.jp/term/keyword/諸芸--工芸・美術,1
773,https://jpsearch.go.jp/term/keyword/宗書--寺院・僧職・布教・信仰,1
774,https://jpsearch.go.jp/term/keyword/宗書--史伝・寺院・僧職--宗祖伝,1
775,https://jpsearch.go.jp/term/keyword/典籍--和漢書,1
776,https://jpsearch.go.jp/term/keyword/系譜_名鑑,1
777,https://jpsearch.go.jp/term/keyword/諸芸--書道,1
778,https://jpsearch.go.jp/term/keyword/政治・法制付故実--官職--武家,1
779,https://jpsearch.go.jp/term/keyword/芸術--総記,1
780,https://jpsearch.go.jp/term/keyword/鉱業,1
781,https://jpsearch.go.jp/term/keyword/外国史_系譜,1
782,https://jpsearch.go.jp/term/keyword/歌舞・演劇・謡曲・浄瑠璃,1
783,https://jpsearch.go.jp/term/keyword/総記--随叢--雑抄,1
784,https://jpsearch.go.jp/term/keyword/禅宗_系譜,1
785,https://jpsearch.go.jp/term/keyword/音楽・演劇--猿楽・能楽・狂言--能の本,1
786,https://jpsearch.go.jp/term/keyword/歴史・地理--年譜・系図,1
787,https://jpsearch.go.jp/term/keyword/歴史・地理--暦・地方史,1
788,https://jpsearch.go.jp/term/keyword/軍事--日本軍学・武芸,1
789,https://jpsearch.go.jp/term/keyword/諸芸--書画,1
790,https://jpsearch.go.jp/term/keyword/諸芸--遊芸,1
791,https://jpsearch.go.jp/term/keyword/仏教--寺院,1
792,https://jpsearch.go.jp/term/keyword/寺社_印章,1
793,https://jpsearch.go.jp/term/keyword/言語--語法,1
794,https://jpsearch.go.jp/term/keyword/漢籍--日本刊本--子部--譜録類,1
795,https://jpsearch.go.jp/term/keyword/総記--随叢--雑編音楽・演劇--能楽,1
796,https://jpsearch.go.jp/term/keyword/随筆_版本,1
797,https://jpsearch.go.jp/term/keyword/雑書_甲,1
798,https://jpsearch.go.jp/term/keyword/一般資料--自然科学,1
799,https://jpsearch.go.jp/term/keyword/珍書,1
800,https://jpsearch.go.jp/term/keyword/宗教--神祇--神社・神事,1
801,https://jpsearch.go.jp/term/keyword/一般資料--総記--百科事典,1
802,https://jpsearch.go.jp/term/keyword/一般資料--歴史--中国史,1
803,https://jpsearch.go.jp/term/keyword/宗教--仏教--宗派_その他,1
804,https://jpsearch.go.jp/term/keyword/一般資料--技術--製造工学,1
805,https://jpsearch.go.jp/term/keyword/一般資料--芸術--絵画,1
806,https://jpsearch.go.jp/term/keyword/芸術--書道--書法・筆法,1
807,https://jpsearch.go.jp/term/keyword/芸術--音楽--雅楽・神楽,1
808,https://jpsearch.go.jp/term/keyword/兵事--武術・馬術,1
809,https://jpsearch.go.jp/term/keyword/国漢書--地理紀行部,1
810,https://jpsearch.go.jp/term/keyword/近世編--歴史,1
811,https://jpsearch.go.jp/term/keyword/近世編--自然科学,1
812,https://jpsearch.go.jp/term/keyword/国漢書--怪談草紙部一_国文版本,1
813,https://jpsearch.go.jp/term/keyword/小倉百人一首_書道手本・絵本を含む,1
814,https://jpsearch.go.jp/term/keyword/小倉百人一首注釈書,1
815,https://jpsearch.go.jp/term/keyword/文学--漢文,1
816,https://jpsearch.go.jp/term/keyword/武具_系譜,1
817,https://jpsearch.go.jp/term/keyword/文学--狂歌・狂文,1
818,https://jpsearch.go.jp/term/keyword/音楽・演劇--音楽--管楽,1
819,https://jpsearch.go.jp/term/keyword/音楽・演劇--演劇--古代・中世劇及歌謡--平曲・琵琶歌,1
820,https://jpsearch.go.jp/term/keyword/歴史--日本史--時代史,1
821,https://jpsearch.go.jp/term/keyword/歴史--日本史--史料--総記,1
822,https://jpsearch.go.jp/term/keyword/歴史--日本史--史料--花押・印章,1
823,https://jpsearch.go.jp/term/keyword/地理--日本地誌--遊覧・遊歴--遊覧--案内記,1
824,https://jpsearch.go.jp/term/keyword/仏教_系譜,1
825,https://jpsearch.go.jp/term/keyword/文学--俳諧--撰集,1
826,https://jpsearch.go.jp/term/keyword/文学--俳諧--俳文,1
827,https://jpsearch.go.jp/term/keyword/音楽・演劇--音楽--支那音楽--月琴・胡琴譜,1
828,https://jpsearch.go.jp/term/keyword/音楽・演劇--演劇--古代劇--神楽・催馬楽,1
829,https://jpsearch.go.jp/term/keyword/音楽・演劇--演劇--歌舞伎--雑,1
830,https://jpsearch.go.jp/term/keyword/地理--日本地誌--地方誌--北陸道--越後国,1
831,https://jpsearch.go.jp/term/keyword/地理--辺防・漂着--辺防,1
832,https://jpsearch.go.jp/term/keyword/武学・武術--武具,1
833,https://jpsearch.go.jp/term/keyword/芸術--書画--絵画--総記,1
834,https://jpsearch.go.jp/term/keyword/芸術--金石--考古,1
835,https://jpsearch.go.jp/term/keyword/諸芸--占卜・相法,1
836,https://jpsearch.go.jp/term/keyword/武学・武術--近代軍事,1
837,https://jpsearch.go.jp/term/keyword/教育,1
838,https://jpsearch.go.jp/term/keyword/藩制--軍事,1
839,https://jpsearch.go.jp/term/keyword/仏教--史伝--伝記--叢伝--日本人--浄土宗,1
840,https://jpsearch.go.jp/term/keyword/砲術,1
841,https://jpsearch.go.jp/term/keyword/仏教--各宗--天台宗--仏会・儀軌・修行・清規,1
842,https://jpsearch.go.jp/term/keyword/小冊子類・その他,1
843,https://jpsearch.go.jp/term/keyword/仏教--各宗--浄土宗--浄土宗史,1
844,https://jpsearch.go.jp/term/keyword/海運,1
845,https://jpsearch.go.jp/term/keyword/総記--図書・書誌学--叢書・全集,1
846,https://jpsearch.go.jp/term/keyword/浄土_系譜,1
847,https://jpsearch.go.jp/term/keyword/哲学・宗教,1
848,https://jpsearch.go.jp/term/keyword/悉曇,1
849,https://jpsearch.go.jp/term/keyword/外交_記録,1
850,https://jpsearch.go.jp/term/keyword/芸術--絵画--絵画技法,1
851,https://jpsearch.go.jp/term/keyword/茶道_建築,1
852,https://jpsearch.go.jp/term/keyword/文学--中国文学,1
853,https://jpsearch.go.jp/term/keyword/金工_茶道,1
854,https://jpsearch.go.jp/term/keyword/金工_系譜,1
855,https://jpsearch.go.jp/term/keyword/測量,1
856,https://jpsearch.go.jp/term/keyword/宴曲,1
857,https://jpsearch.go.jp/term/keyword/音楽_書目,1
858,https://jpsearch.go.jp/term/keyword/歴史--日本史--雑史,1
859,https://jpsearch.go.jp/term/keyword/諸芸--遊戯--囲碁・将棊,1
860,https://jpsearch.go.jp/term/keyword/浄瑠璃_薗八,1
861,https://jpsearch.go.jp/term/keyword/一般之部--名鑑,1
862,https://jpsearch.go.jp/term/keyword/浄瑠璃_常磐津_目録,1
863,https://jpsearch.go.jp/term/keyword/茶道_黄檗,1
864,https://jpsearch.go.jp/term/keyword/漢詩_絵画,1
865,https://jpsearch.go.jp/term/keyword/仏教--総記,1
866,https://jpsearch.go.jp/term/keyword/仏教--宗派,1
867,https://jpsearch.go.jp/term/keyword/音楽・演劇--能・狂言能の本,1
868,https://jpsearch.go.jp/term/keyword/音楽・演劇--能・狂言能間,1
869,https://jpsearch.go.jp/term/keyword/準漢籍--子部--小説類,1
870,https://jpsearch.go.jp/term/keyword/茶道_系譜,1
871,https://jpsearch.go.jp/term/keyword/辞書,1
872,https://jpsearch.go.jp/term/keyword/陶磁_系譜,1
873,https://jpsearch.go.jp/term/keyword/伝記_書画,1
874,https://jpsearch.go.jp/term/keyword/歴史--日本史--記録,1
875,https://jpsearch.go.jp/term/keyword/地理--日本地誌--遊覧・遊歴,1
876,https://jpsearch.go.jp/term/keyword/地理--地図--外国図,1
877,https://jpsearch.go.jp/term/keyword/社会科学--軍事--和蘭兵法,1
878,https://jpsearch.go.jp/term/keyword/諸芸--遊技--囲碁将棊,1
879,https://jpsearch.go.jp/term/keyword/武学--総記,1
880,https://jpsearch.go.jp/term/keyword/武学--武具,1
881,https://jpsearch.go.jp/term/keyword/近藤南州著編書,1
882,https://jpsearch.go.jp/term/keyword/語学--日本語,1
883,https://jpsearch.go.jp/term/keyword/国書--文学--国文--小説--近世小説,1
884,https://jpsearch.go.jp/term/keyword/国書--文学--漢文--別集,1
885,https://jpsearch.go.jp/term/keyword/国書--音楽・演劇--能楽--型附・囃手附,1
886,https://jpsearch.go.jp/term/keyword/国書--音楽・演劇--淨瑠璃_附_人形劇--古淨瑠璃,1
887,https://jpsearch.go.jp/term/keyword/国書--音楽・演劇--近代劇,1
888,https://jpsearch.go.jp/term/keyword/国書--歴史--日本史--伝記--各伝,1
889,https://jpsearch.go.jp/term/keyword/国書--経済--度量衡・貨幣,1
890,https://jpsearch.go.jp/term/keyword/国書--武学・武術--近代軍事--陸軍,1
891,https://jpsearch.go.jp/term/keyword/文献--図会・地誌,1
892,https://jpsearch.go.jp/term/keyword/文献--随筆その他,1
893,https://jpsearch.go.jp/term/keyword/歴史--日本史--総説,1
894,https://jpsearch.go.jp/term/keyword/浄瑠璃_一中,1
895,https://jpsearch.go.jp/term/keyword/歴史--伝記_双伝_--北海道・東北・関東地方,1
896,https://jpsearch.go.jp/term/keyword/社会科学--日本法制史--武家法後期・藩政,1
897,https://jpsearch.go.jp/term/keyword/哲学・宗教--仏教,1
898,https://jpsearch.go.jp/term/keyword/享保,1
899,https://jpsearch.go.jp/term/keyword/総記--書誌・書目,1
900,https://jpsearch.go.jp/term/keyword/文学--連歌・俳諧・狂歌・歌謡,1
901,https://jpsearch.go.jp/term/keyword/歴史--日本史--通史,1
902,https://jpsearch.go.jp/term/keyword/地理--日本地誌--地方誌,1
903,https://jpsearch.go.jp/term/keyword/政治・法制・故実--補任・武鑑,1
904,https://jpsearch.go.jp/term/keyword/経済--度量衡・貨弊,1
905,https://jpsearch.go.jp/term/keyword/理学--天文・暦算・測量,1
906,https://jpsearch.go.jp/term/keyword/産業--農業附救荒,1
907,https://jpsearch.go.jp/term/keyword/諸芸--将棋,1
908,https://jpsearch.go.jp/term/keyword/武芸--武術,1
909,https://jpsearch.go.jp/term/keyword/軍記物語,1
910,https://jpsearch.go.jp/term/keyword/古川躬行本,1
911,https://jpsearch.go.jp/term/keyword/入木道新書,1
912,https://jpsearch.go.jp/term/keyword/叢書,1
913,https://jpsearch.go.jp/term/keyword/戦記_系譜,1
914,https://jpsearch.go.jp/term/keyword/楽器,1
915,https://jpsearch.go.jp/term/keyword/国書の部--哲学--各宗派--真言宗・密教,1
916,https://jpsearch.go.jp/term/keyword/国書の部--歴史--地誌・紀行--北海道・東北・北陸・東海地方,1
917,https://jpsearch.go.jp/term/keyword/国書の部--自然科学,1
918,https://jpsearch.go.jp/term/keyword/国書の部--産業,1
919,https://jpsearch.go.jp/term/keyword/国書の部--芸術--彫刻,1
920,https://jpsearch.go.jp/term/keyword/国書の部--芸術--能・狂言,1
921,https://jpsearch.go.jp/term/keyword/国書の部--芸術--武道--剣道,1
922,https://jpsearch.go.jp/term/keyword/国書の部--文学--和歌--江戸時代,1
923,https://jpsearch.go.jp/term/keyword/国書の部--文学--小説・物語--江戸時代--読本・実録物,1
924,https://jpsearch.go.jp/term/keyword/雅楽_注釈,1
925,https://jpsearch.go.jp/term/keyword/漢詩_音楽,1
926,https://jpsearch.go.jp/term/keyword/般若経教系--宗派--禅宗,1
927,https://jpsearch.go.jp/term/keyword/大日経教系--宗派,1
928,https://jpsearch.go.jp/term/keyword/法華経教系--宗派--日蓮宗,1
929,https://jpsearch.go.jp/term/keyword/浄土真宗--高僧--親鸞,1
930,https://jpsearch.go.jp/term/keyword/哲学--仏教--寺院・僧職,1
931,https://jpsearch.go.jp/term/keyword/儒学,1
932,https://jpsearch.go.jp/term/keyword/哲学--仏教--日蓮宗,1
933,https://jpsearch.go.jp/term/keyword/歴史--伝記--個人の伝記,1
934,https://jpsearch.go.jp/term/keyword/社会科学--国防_軍事--陸軍--日本法制史--後期_封建制度_藩政,1
935,https://jpsearch.go.jp/term/keyword/総記--叢書_全集,1
936,https://jpsearch.go.jp/term/keyword/工学_工業--河川工学,1
937,https://jpsearch.go.jp/term/keyword/芸術--篆刻_印譜_落款,1
938,https://jpsearch.go.jp/term/keyword/芸術--印刷_製版,1
939,https://jpsearch.go.jp/term/keyword/芸術--金工芸,1
940,https://jpsearch.go.jp/term/keyword/芸術--西洋楽器_器楽,1
941,https://jpsearch.go.jp/term/keyword/芸術--邦楽--平曲_能楽_幸若舞曲,1
942,https://jpsearch.go.jp/term/keyword/医学・本草・博物,1
943,https://jpsearch.go.jp/term/keyword/歴史--日本史1--中世史--一般,1
944,https://jpsearch.go.jp/term/keyword/歴史--兵法・武芸,1
945,https://jpsearch.go.jp/term/keyword/歴史--仙台藩関係--仙台藩_領_関係記録,1
946,https://jpsearch.go.jp/term/keyword/歴史--仙台藩関係--大槻氏関係資料,1
947,https://jpsearch.go.jp/term/keyword/歴史--仙台藩関係--芦東山資料,1
948,https://jpsearch.go.jp/term/keyword/歴史--仙台藩関係--仙台藩諸学系統図,1
949,https://jpsearch.go.jp/term/keyword/地理・地誌--旧仙台領・宮城県地誌--旧仙台領・宮城県関係,1
950,https://jpsearch.go.jp/term/keyword/地理・地誌--旧仙台領・宮城県地誌--宮城郡_含_仙台_--松島町関係,1
951,https://jpsearch.go.jp/term/keyword/天台_伝記,1
952,https://jpsearch.go.jp/term/keyword/諸芸--工芸・美術・建築,1
953,https://jpsearch.go.jp/term/keyword/文学--草紙関係--咄本他,1
954,https://jpsearch.go.jp/term/keyword/自筆稿本類,1
955,https://jpsearch.go.jp/term/keyword/經部四書類,1
956,https://jpsearch.go.jp/term/keyword/その他,1
957,https://jpsearch.go.jp/term/keyword/ハワイ大学マノア校図書館管理番号_HW465,1
958,https://jpsearch.go.jp/term/keyword/ハワイ大学マノア校図書館管理番号_HW522,1
959,https://jpsearch.go.jp/term/keyword/ハワイ大学マノア校図書館管理番号_HW527,1
960,https://jpsearch.go.jp/term/keyword/ハワイ大学マノア校図書館管理番号_HW555,1
961,https://jpsearch.go.jp/term/keyword/ハワイ大学マノア校図書館管理番号_HW586,1
962,https://jpsearch.go.jp/term/keyword/ハワイ大学マノア校図書館管理番号_HW588,1
963,https://jpsearch.go.jp/term/keyword/ハワイ大学マノア校図書館管理番号_HW662c-1,1
964,https://jpsearch.go.jp/term/keyword/ハワイ大学マノア校図書館管理番号_HW666,1
965,https://jpsearch.go.jp/term/keyword/與那原親方良恭,1
966,https://jpsearch.go.jp/term/keyword/池城親方朝邑,1
