id,title,matched_pattern,reason
http://id.ndl.go.jp/auth/ndlna/001160654,笛吹市--地図,笛吹市,N-Gramルール除外: 「笛吹市」
http://id.ndl.go.jp/auth/ndlna/001181890,春日神社 (笛吹市),笛吹市,N-Gramルール除外: 「笛吹市」
http://id.ndl.go.jp/auth/ndlna/001187959,山梨県立笛吹高等学校,山梨県,N-Gramルール除外: 「山梨県」
http://id.ndl.go.jp/auth/ndlna/001220694,子供の魔法の角笛,魔法の角笛,N-Gramルール除外: 「魔法の角笛」
http://id.ndl.go.jp/auth/ndlna/00619258,慈眼寺 (笛吹市),笛吹市,N-Gramルール除外: 「笛吹市」
http://id.ndl.go.jp/auth/ndlna/00627722,魔笛,魔笛,N-Gramルール除外: 「魔笛」
http://id.ndl.go.jp/auth/ndlna/00636362,鹿笛吟社,鹿笛,N-Gramルール除外: 「鹿笛」
http://id.ndl.go.jp/auth/ndlna/00642004,笛吹川,笛吹川,N-Gramルール除外: 「笛吹川」
http://id.ndl.go.jp/auth/ndlna/00654528,国分寺 (笛吹市),笛吹市,N-Gramルール除外: 「笛吹市」
http://id.ndl.go.jp/auth/ndlna/01105825,笛吹市--遺跡・遺物,笛吹市,N-Gramルール除外: 「笛吹市」
http://id.ndl.go.jp/auth/ndlna/01130773,笛吹市--歴史,笛吹市,N-Gramルール除外: 「笛吹市」
http://id.ndl.go.jp/auth/ndlna/01168207,笛吹市医師会,笛吹市,N-Gramルール除外: 「笛吹市」
http://id.ndl.go.jp/auth/ndlna/01208000,笛吹市--歴史--写真集,笛吹市,N-Gramルール除外: 「笛吹市」
http://id.ndl.go.jp/auth/ndlna/031766731,笛吹市--歴史--近代--写真集,笛吹市,N-Gramルール除外: 「笛吹市」
http://id.ndl.go.jp/auth/ndlna/032805034,笛吹川沿岸土地改良区,笛吹川,N-Gramルール除外: 「笛吹川」
http://id.ndl.go.jp/auth/ndlna/033899239,なつかしき笛や太鼓 (映画),笛や太鼓,N-Gramルール除外: 「笛や太鼓」
http://id.ndl.go.jp/auth/ndlsh/001128611,鼓笛隊--日本--歴史--明治時代,鼓笛,N-Gramルール除外: 「鼓笛」
http://id.ndl.go.jp/auth/ndlsh/00566787,鼓笛隊,鼓笛,N-Gramルール除外: 「鼓笛」
http://id.ndl.go.jp/auth/ndlsh/01056457,昔話--山梨県--笛吹市,山梨県,N-Gramルール除外: 「山梨県」
http://id.ndl.go.jp/auth/ndlsh/01107288,縄文土器--山梨県--笛吹市,山梨県,N-Gramルール除外: 「山梨県」
http://id.ndl.go.jp/auth/ndlsh/01119779,風害--山梨県--笛吹市,山梨県,N-Gramルール除外: 「山梨県」
http://id.ndl.go.jp/auth/ndlsh/01119780,水害--山梨県--笛吹市,山梨県,N-Gramルール除外: 「山梨県」
http://id.ndl.go.jp/auth/ndlsh/01130774,伝説--山梨県--笛吹市,山梨県,N-Gramルール除外: 「山梨県」
http://id.ndl.go.jp/auth/ndlsh/01185937,篠笛,篠笛,N-Gramルール除外: 「篠笛」
http://id.ndl.go.jp/auth/ndlsh/01199690,民家--保存・修復--山梨県--笛吹市,山梨県,N-Gramルール除外: 「山梨県」
http://id.ndl.go.jp/auth/ndlsh/01200354,村落--山梨県--笛吹市,山梨県,N-Gramルール除外: 「山梨県」
http://id.ndl.go.jp/class/ndlc/YM269,楽譜--器楽--合奏--鼓笛隊用音楽，野外音楽,鼓笛,N-Gramルール除外: 「鼓笛」
https://jpsearch.go.jp/data/adeac-R100000094_I000022559_00,汽笛・ステンショ・まちこうば：わが町文化誌,汽笛,N-Gramルール除外: 「汽笛」
https://jpsearch.go.jp/data/adeac-R100000094_I000075883_00,小林春江歌集 『季節の笛』,季節の,N-Gramルール除外: 「季節の」
https://jpsearch.go.jp/data/adeac-R100000094_I000147650_00,RKB毎日放送15周年記念鼓笛パレードの練習風景,鼓笛パレー,N-Gramルール除外: 「鼓笛パレー」
https://jpsearch.go.jp/data/adeac-R100000094_I000147651_00,RKB毎日放送15周年記念鼓笛パレードの練習風景,鼓笛パレー,N-Gramルール除外: 「鼓笛パレー」
https://jpsearch.go.jp/data/adeac-R100000094_I000147670_00,筑豊地区小学校鼓笛パレード隊,鼓笛パレー,N-Gramルール除外: 「鼓笛パレー」
https://jpsearch.go.jp/data/adeac-R100000094_I000147671_00,筑豊地区小学校鼓笛パレード隊,鼓笛パレー,N-Gramルール除外: 「鼓笛パレー」
https://jpsearch.go.jp/data/adeac-R100000094_I000147672_00,筑豊地区小学校鼓笛パレード隊,鼓笛パレー,N-Gramルール除外: 「鼓笛パレー」
https://jpsearch.go.jp/data/adeac-R100000094_I000147673_00,筑豊地区小学校鼓笛パレード隊,鼓笛パレー,N-Gramルール除外: 「鼓笛パレー」
https://jpsearch.go.jp/data/adeac-R100000094_I000361447_00_,Tokyo Music Evening Yube「日本の夏！田中傳十郎×上田秀一郎 笛と太鼓」開催！,笛と太鼓,N-Gramルール除外: 「笛と太鼓」
https://jpsearch.go.jp/data/adeac-R100000094_I1368130,引札絵柄：鼓笛の兵隊（旗：人気の隊長 勉強の大将） 商店場所：那賀郡岩脇村 商店名称：村上津名吉 商売内容：こんにゃく卸小売其他菓子柑類色々,鼓笛,N-Gramルール除外: 「鼓笛」
https://jpsearch.go.jp/data/adeac-R100000094_I1455991,市制施行20周年 神戸小学校鼓笛隊,小学校鼓笛隊,N-Gramルール除外: 「小学校鼓笛隊」
https://jpsearch.go.jp/data/adeac-R100000094_I563756,夙川オアシスロード オープンの日 : パレードで演奏する今津小学校鼓笛隊,小学校鼓笛隊,N-Gramルール除外: 「小学校鼓笛隊」
https://jpsearch.go.jp/data/adeac-R100000094_I563757,夙川オアシスロード オープンの日 : パレードで演奏する今津小学校鼓笛隊,小学校鼓笛隊,N-Gramルール除外: 「小学校鼓笛隊」
https://jpsearch.go.jp/data/aokenshida_doc-00_O_8202,緑の笛豆本　第26期第103集　津軽塗物語　上巻,物語,N-Gramルール除外: 「物語」
https://jpsearch.go.jp/data/aokenshida_doc-00_O_8203,緑の笛豆本　第26期第104集　津軽塗物語　下巻,物語,N-Gramルール除外: 「物語」
https://jpsearch.go.jp/data/arc_books-NIJL_100011934,青葉の笛の物語,物語,N-Gramルール除外: 「物語」
https://jpsearch.go.jp/data/arc_books-NIJL_100103513,森田流笛唱歌,森田流笛唱,N-Gramルール除外: 「森田流笛唱」
https://jpsearch.go.jp/data/arc_books-NIJL_100103514,森田流笛唱歌,森田流笛唱,N-Gramルール除外: 「森田流笛唱」
https://jpsearch.go.jp/data/arc_books-NIJL_100103515,森田流笛唱歌,森田流笛唱,N-Gramルール除外: 「森田流笛唱」
https://jpsearch.go.jp/data/arc_books-NIJL_100155189,森田流笛唱歌附,森田流笛唱,N-Gramルール除外: 「森田流笛唱」
https://jpsearch.go.jp/data/arc_books-NIJL_100163014,森田流笛譜,森田流,N-Gramルール除外: 「森田流」
https://jpsearch.go.jp/data/arc_books-NIJL_100206128,森田流小笛,森田流,N-Gramルール除外: 「森田流」
https://jpsearch.go.jp/data/arc_books-NIJL_100233780,森田流外能楽笛譜,森田流,N-Gramルール除外: 「森田流」
https://jpsearch.go.jp/data/arc_books-NIJL_100267650,笛鼓太鼓手引集,太鼓,N-Gramルール除外: 「太鼓」
https://jpsearch.go.jp/data/arc_books-NIJL_100293130,森田流笛首付,森田流,N-Gramルール除外: 「森田流」
https://jpsearch.go.jp/data/arc_books-NIJL_100353445,笛并鼓大小太鼓打合段,太鼓,N-Gramルール除外: 「太鼓」
https://jpsearch.go.jp/data/arc_books-NIJL_100376699,木間星箱根鹿笛,木間星箱根鹿笛,N-Gramルール除外: 「木間星箱根鹿笛」
https://jpsearch.go.jp/data/arc_books-NIJL_200023411,森田流一噌流笛唱歌,森田流,N-Gramルール除外: 「森田流」
https://jpsearch.go.jp/data/arc_books-arcBK03_0037,茶臼山凱歌陣立木間星箱根鹿笛,木間星箱根鹿笛,N-Gramルール除外: 「木間星箱根鹿笛」
https://jpsearch.go.jp/data/arc_books-bunko03a_00551,絵入歌集暮笛,歌集,N-Gramルール除外: 「歌集」
https://jpsearch.go.jp/data/arc_books-bunko03a_00641,即興詩集唐人笛新俳句集ちる柳朝風詩歌集第三篇,歌集,N-Gramルール除外: 「歌集」
https://jpsearch.go.jp/data/arc_books-nakai1694,森田流笛之本,森田流,N-Gramルール除外: 「森田流」
https://jpsearch.go.jp/data/arc_books-nakai1696,森田流笛,森田流,N-Gramルール除外: 「森田流」
https://jpsearch.go.jp/data/arc_resource-MWP40922_00,全戦犯釈放の血書嘆願に添えた少女の歌　「とどけよ麦笛」　愛の運動協議会選定歌,少女,N-Gramルール除外: 「少女」
https://jpsearch.go.jp/data/arc_resource-MWP40923_00,”全戦犯釈放”の”血書嘆願”に添えた一少女の歌　とどけよ麦笛発表会,少女,N-Gramルール除外: 「少女」
https://jpsearch.go.jp/data/arc_resource-UCB_A139_20,笛吹川,笛吹川,N-Gramルール除外: 「笛吹川」
https://jpsearch.go.jp/data/artmuseb-941143,詩集 呼子と口笛,呼子と口笛,N-Gramルール除外: 「呼子と口笛」
https://jpsearch.go.jp/data/bibnl-20120521,銀次郎の笛 : 童話,童話,N-Gramルール除外: 「童話」
https://jpsearch.go.jp/data/bibnl-20197671,角笛を吹く子 : 未明童話集,角笛を,N-Gramルール除外: 「角笛を」
https://jpsearch.go.jp/data/bibnl-20287831,魔笛,魔笛,N-Gramルール除外: 「魔笛」
https://jpsearch.go.jp/data/bibnl-20635163,篠笛と筝によるやさしいアンサンブル,篠笛と,N-Gramルール除外: 「篠笛と」
https://jpsearch.go.jp/data/bibnl-21238632,草笛 : 池坊生花研究 : 伝花・変化形,研究,N-Gramルール除外: 「研究」
https://jpsearch.go.jp/data/bibnl-21262623,和楽器入門曲集 : 五線譜版 : 箏・篠笛・尺八・三味線(三弦)・十七弦 なつかしいわらべうた編,篠笛,N-Gramルール除外: 「篠笛」
https://jpsearch.go.jp/data/bibnl-21596489,音律のしおり : こと・十七絃・三絃・尺八・篠笛・みさと笛 : 邦楽器・音と調弦の資料集,篠笛,N-Gramルール除外: 「篠笛」
https://jpsearch.go.jp/data/bibnl-21638694,甲府市・笛吹市・南アルプス市の大卒程度 : 教養試験 2010年度版,南アルプ,N-Gramルール除外: 「南アルプ」
https://jpsearch.go.jp/data/bibnl-21842030,モーツァルト : ダブルCDマガジン 第12号 (歌劇3《魔笛》 歌劇4《皇帝ティートの慈悲》),歌劇,N-Gramルール除外: 「歌劇」
https://jpsearch.go.jp/data/bibnl-21850933,甲州市・笛吹市・富士吉田市の公立保育士 : 専門試験頻出問題 2011年度版,富士,N-Gramルール除外: 「富士」
https://jpsearch.go.jp/data/bibnl-22240991,甲府市・南アルプス市・笛吹市・富士吉田市の消防職大卒程度 : 教養試験 2014年度版,南アルプ,N-Gramルール除外: 「南アルプ」
https://jpsearch.go.jp/data/bibnl-22241004,甲府市・甲斐市・南アルプス市・笛吹市・富士吉田市の上級・大卒程度 : 教養試験 2014年度版,南アルプ,N-Gramルール除外: 「南アルプ」
https://jpsearch.go.jp/data/bibnl-22403697,南アルプス市・笛吹市・富士吉田市・北杜市・韮崎市の公立保育士 : 専門試験 2015年度版,南アルプ,N-Gramルール除外: 「南アルプ」
https://jpsearch.go.jp/data/bibnl-22421636,甲府市・甲斐市・笛吹市・富士吉田市・中央市の消防職短大卒/高卒程度 : 教養試験 2015年度版,富士,N-Gramルール除外: 「富士」
https://jpsearch.go.jp/data/bibnl-22492347,甲府市・甲斐市・南アルプス市・笛吹市・富士吉田市・北杜市の上級・大卒程度 : 教養試験 2016年度版,南アルプ,N-Gramルール除外: 「南アルプ」
https://jpsearch.go.jp/data/bibnl-22503175,韓国における自動車の警笛の使用に関する状況調査,における,N-Gramルール除外: 「における」
https://jpsearch.go.jp/data/bibnl-22529638,甲府市・甲斐市・南アルプス市・笛吹市・富士吉田市・中央市の消防職大卒程度 : 教養試験 2016年度版,南アルプ,N-Gramルール除外: 「南アルプ」
https://jpsearch.go.jp/data/bibnl-22551241,甲府市・甲斐市・南アルプス市・笛吹市・富士吉田市・中央市の消防職短大卒/高卒程度 : 教養試験 2016年度版,南アルプ,N-Gramルール除外: 「南アルプ」
https://jpsearch.go.jp/data/bibnl-22708038,自動車の警笛に関する意識調査 : 中国ハルビン市における調査事例,における,N-Gramルール除外: 「における」
https://jpsearch.go.jp/data/bibnl-22825600,甲府市・甲斐市・南アルプス市・笛吹市・富士吉田市・中央市の消防職大卒程度 : 教養試験 2018年度版,南アルプ,N-Gramルール除外: 「南アルプ」
https://jpsearch.go.jp/data/bibnl-22982207,甲府地区・南アルプス市・笛吹市・富士五湖広域・東山梨の消防職大卒程度 : 教養試験 2019年度版,南アルプ,N-Gramルール除外: 「南アルプ」
https://jpsearch.go.jp/data/bibnl-22988398,甲府市・甲斐市・南アルプス市・笛吹市・富士吉田市の上級・大卒程度 : 教養試験 2019年度版,南アルプ,N-Gramルール除外: 「南アルプ」
https://jpsearch.go.jp/data/bibnl-23013770,歌集 鴿笛,歌集,N-Gramルール除外: 「歌集」
https://jpsearch.go.jp/data/bibnl-23172467,甲府地区・南アルプス市・笛吹市・富士五湖広域・東山梨の消防職短大卒/高卒程度 : 教養試験 2020年度版,南アルプ,N-Gramルール除外: 「南アルプ」
https://jpsearch.go.jp/data/bibnl-23211854,公立保育士甲府市・甲斐市・笛吹市・北杜市・中央市 : 専門試験 2020年度版,笛吹市,N-Gramルール除外: 「笛吹市」
https://jpsearch.go.jp/data/bibnl-23229203,Un trabajo del profesor Usaburo Mabuchi de 1976 : グアテマラ高地チャフル・イシルの縦笛と両面太鼓,太鼓,N-Gramルール除外: 「太鼓」
https://jpsearch.go.jp/data/bibnl-23296475,甲府市・甲斐市・南アルプス市・笛吹市・富士吉田市の上級・大卒程度 : 教養試験 2021年度版,南アルプ,N-Gramルール除外: 「南アルプ」
https://jpsearch.go.jp/data/bibnl-23306011,甲府地区・南アルプス市・笛吹市・富士五湖広域・東山梨の消防職大卒程度 : 教養試験 2021年度版,南アルプ,N-Gramルール除外: 「南アルプ」
https://jpsearch.go.jp/data/bibnl-23312832,ドライバーの警笛使用に影響を及ぼす要因の分析 : 福岡市におけるアンケート調査,における,N-Gramルール除外: 「における」
https://jpsearch.go.jp/data/bibnl-23335795,甲府地区・南アルプス市・笛吹市・富士五湖広域・東山梨の消防職短大卒/高卒程度 : 教養試験 2021年度版,南アルプ,N-Gramルール除外: 「南アルプ」
https://jpsearch.go.jp/data/bibnl-23407515,公立保育士甲府市・甲斐市・笛吹市・北杜市・中央市 : 専門試験 2021年度版,笛吹市,N-Gramルール除外: 「笛吹市」
https://jpsearch.go.jp/data/bibnl-23415124,山梨県甲州・笛吹・山梨市版 2020.9,山梨県,N-Gramルール除外: 「山梨県」
https://jpsearch.go.jp/data/bibnl-23469778,甲府市・甲斐市・南アルプス市・笛吹市・富士吉田市の上級・大卒程度 : 教養試験 2022年度版,南アルプ,N-Gramルール除外: 「南アルプ」
https://jpsearch.go.jp/data/bibnl-23470563,甲府地区・南アルプス市・笛吹市・富士五湖広域・東山梨の消防職大卒程度 : 教養試験 2022年度版,南アルプ,N-Gramルール除外: 「南アルプ」
https://jpsearch.go.jp/data/bibnl-23502354,甲府地区・南アルプス市・笛吹市・富士五湖広域・東山梨の消防職短大卒/高卒程度 : 公務員試験 (教養試験) 2022,南アルプ,N-Gramルール除外: 「南アルプ」
https://jpsearch.go.jp/data/bibnl-23551048,公立保育士甲府市・甲斐市・笛吹市・北杜市・中央市 : 専門試験 2022年度,笛吹市,N-Gramルール除外: 「笛吹市」
https://jpsearch.go.jp/data/bibnl-23623738,山梨県の公務員試験 (教養試験) : 甲府市・甲斐市・南アルプス市・笛吹市・富士吉田市の上級・大卒程度 2023年度版,南アルプ,N-Gramルール除外: 「南アルプ」
https://jpsearch.go.jp/data/bibnl-23627639,山梨県の公務員試験 (教養試験) : 甲府地区・南アルプス市・笛吹市・富士五湖広域・東山梨の消防職大卒程度 2023年度版,南アルプ,N-Gramルール除外: 「南アルプ」
https://jpsearch.go.jp/data/bibnl-23651342,山梨県甲州・笛吹・山梨市版 2022.3,山梨県,N-Gramルール除外: 「山梨県」
https://jpsearch.go.jp/data/bibnl-23657290,山梨県の公務員試験 (教養試験) : 甲府地区・南アルプス市・笛吹市・富士五湖広域・東山梨の消防職短大卒/高卒程度 2023年度版,南アルプ,N-Gramルール除外: 「南アルプ」
https://jpsearch.go.jp/data/bibnl-23691888,「日本の伝統的な管楽器と竹材」報告書 : 第14回東京文化財研究所無形文化遺産部公開学術講座,研究,N-Gramルール除外: 「研究」
https://jpsearch.go.jp/data/bibnl-23715437,香川良子の篠笛アンサンブル曲集 : 篠笛でポピュラーを吹こう,香川良子の篠笛,N-Gramルール除外: 「香川良子の篠笛」
https://jpsearch.go.jp/data/bibnl-23723391,山梨県の公務員試験 (教養試験) : 甲府市・甲斐市・笛吹市・富士吉田市の初級・高卒程度 2023年度版,山梨県,N-Gramルール除外: 「山梨県」
https://jpsearch.go.jp/data/bibnl-23726031,草笛 : 池坊生花研究 : 伝花・変化形,研究,N-Gramルール除外: 「研究」
https://jpsearch.go.jp/data/bibnl-23759030,山梨県の公務員採用試験 (教養試験) : 甲府市・甲斐市・南アルプス市・笛吹市・富士吉田市・北杜市の上級・大卒程度 2024,南アルプ,N-Gramルール除外: 「南アルプ」
https://jpsearch.go.jp/data/bibnl-23767577,山梨県の公務員採用試験 (教養試験) : 甲府地区・南アルプス市・笛吹市・富士五湖広域・東山梨の消防職大卒程度 2024,南アルプ,N-Gramルール除外: 「南アルプ」
https://jpsearch.go.jp/data/bibnl-23796814,山梨県の公務員採用試験 (教養試験) : 甲府市・甲斐市・笛吹市・富士吉田市・北杜市の初級・高卒程度 2024,山梨県,N-Gramルール除外: 「山梨県」
https://jpsearch.go.jp/data/bibnl-23798788,山梨県の公務員採用試験 (教養試験) : 甲府地区・南アルプス市・笛吹市・富士五湖広域・東山梨の消防職短大卒/高卒程度 2024,南アルプ,N-Gramルール除外: 「南アルプ」
https://jpsearch.go.jp/data/bibnl-23875903,山梨県甲州・笛吹・山梨版 : 甲州市・笛吹市・山梨市 2023.9,山梨県,N-Gramルール除外: 「山梨県」
https://jpsearch.go.jp/data/bibnl-23906623,香川良子の篠笛曲集 宮﨑駿&スタジオジブリ編,香川良子の篠笛,N-Gramルール除外: 「香川良子の篠笛」
https://jpsearch.go.jp/data/bibnl-23967592,香川良子の篠笛曲集 歌謡曲& J-pop編,香川良子の篠笛,N-Gramルール除外: 「香川良子の篠笛」
https://jpsearch.go.jp/data/bibnl-24033353,香川良子の篠笛曲集 みんなが知ってるおもしろソング編,香川良子の篠笛,N-Gramルール除外: 「香川良子の篠笛」
https://jpsearch.go.jp/data/bibnl-24064110,吹きたい曲でうまくなる!篠笛の楽譜,篠笛,N-Gramルール除外: 「篠笛」
https://jpsearch.go.jp/data/bibnl-24074873,香川良子の篠笛レパートリー : 篠笛でポピュラーを吹こう,香川良子の篠笛,N-Gramルール除外: 「香川良子の篠笛」
https://jpsearch.go.jp/data/bibnl-24147195,香川良子の篠笛曲集 : わかりやすい香川式数字譜付き なつかしの昭和歌謡曲&ヒットソング編,香川良子の篠笛,N-Gramルール除外: 「香川良子の篠笛」
https://jpsearch.go.jp/data/bibnl-40042927,皇国のちから,から,N-Gramルール除外: 「から」
https://jpsearch.go.jp/data/bibnl-40042947,御左遷物語 : 画入 太宰府天満宮古実,物語,N-Gramルール除外: 「物語」
https://jpsearch.go.jp/data/bibnl-40043050,宗教談 : 一名・天理教の研究,研究,N-Gramルール除外: 「研究」
https://jpsearch.go.jp/data/bibnl-40043159,神代物語,物語,N-Gramルール除外: 「物語」
https://jpsearch.go.jp/data/bibnl-40043516,富士郡徴兵死没者招魂祭帰郷者慰労会紀事,富士,N-Gramルール除外: 「富士」
https://jpsearch.go.jp/data/bibnl-40072873,英国歩操鼓笛譜 第1編,英国歩操鼓笛,N-Gramルール除外: 「英国歩操鼓笛」
https://jpsearch.go.jp/data/bibnl-40072979,"鼓笛喇叭軍歌実用新譜 : 附・譜学ノ解説預行,図解",鼓笛,N-Gramルール除外: 「鼓笛」
https://jpsearch.go.jp/data/bibnl-43014473,"一噌流笛・大倉流小鼓・高安流大鼓・観世流太鼓四拍子手附大成 第1輯 上,下",太鼓四拍子手附大,N-Gramルール除外: 「太鼓四拍子手附大」
https://jpsearch.go.jp/data/bibnl-44018899,神ながらの道研究,研究,N-Gramルール除外: 「研究」
https://jpsearch.go.jp/data/bibnl-44039313,「タマシヒ」の安定は鎮守様から,から,N-Gramルール除外: 「から」
https://jpsearch.go.jp/data/bibnl-44046165,神教綱領・祭と祝詞・富士山と天照教社,富士,N-Gramルール除外: 「富士」
https://jpsearch.go.jp/data/bibnl-44066413,篠笛俗曲集,篠笛,N-Gramルール除外: 「篠笛」
https://jpsearch.go.jp/data/bibnl-45002270,"コタンの口笛 第1部,第2部",コタンの口笛,N-Gramルール除外: 「コタンの口笛」
https://jpsearch.go.jp/data/bibnl-45002271,コタンの口笛 : 抄,コタンの口笛,N-Gramルール除外: 「コタンの口笛」
https://jpsearch.go.jp/data/bibnl-45002962,長い汽笛の旅,汽笛,N-Gramルール除外: 「汽笛」
https://jpsearch.go.jp/data/bibnl-45016097,パンの笛 : 音楽童話,童話,N-Gramルール除外: 「童話」
https://jpsearch.go.jp/data/bibnl-45016126,コタンの口笛 1 (あらしの歌),コタンの口笛,N-Gramルール除外: 「コタンの口笛」
https://jpsearch.go.jp/data/bibnl-45016127,コタンの口笛 1 (あらしの歌),コタンの口笛,N-Gramルール除外: 「コタンの口笛」
https://jpsearch.go.jp/data/bibnl-45016209,子守笛 : 実演童話,童話,N-Gramルール除外: 「童話」
https://jpsearch.go.jp/data/bibnl-45016714,中納言の笛 : 御伽草子から取材した新童話7篇,から,N-Gramルール除外: 「から」
https://jpsearch.go.jp/data/bibnl-45018223,口笛のきこえる朝 : こどもを育てる生活童話 高学年向,童話,N-Gramルール除外: 「童話」
https://jpsearch.go.jp/data/bibnl-45020322,人魚の笛 : 名作物語,物語,N-Gramルール除外: 「物語」
https://jpsearch.go.jp/data/bibnl-45022430,マフイヤの笛 : 不思議な南国童話,童話,N-Gramルール除外: 「童話」
https://jpsearch.go.jp/data/bibnl-45022847,小人鼻助物語・幽霊洞窟・魔法の笛 : ハウフ童話集,物語,N-Gramルール除外: 「物語」
https://jpsearch.go.jp/data/bibnl-45027942,角笛のひびき,角笛,N-Gramルール除外: 「角笛」
https://jpsearch.go.jp/data/bibnl-45032272,新笛吹童子 : 新諸国物語・笛吹童子続篇,物語,N-Gramルール除外: 「物語」
https://jpsearch.go.jp/data/bibnl-45034120,悪魔の角笛,角笛,N-Gramルール除外: 「角笛」
https://jpsearch.go.jp/data/bibnl-45034293,アルプスの笛,アルプ,N-Gramルール除外: 「アルプ」
https://jpsearch.go.jp/data/bibnl-45036647,笛吹川,笛吹川,N-Gramルール除外: 「笛吹川」
https://jpsearch.go.jp/data/bibnl-45036788,少年少女吉川英治名作集 5 (月笛日笛),少女,N-Gramルール除外: 「少女」
https://jpsearch.go.jp/data/bibnl-45037035,コタンの口笛 1,コタンの口笛,N-Gramルール除外: 「コタンの口笛」
https://jpsearch.go.jp/data/bibnl-45037036,コタンの口笛 2,コタンの口笛,N-Gramルール除外: 「コタンの口笛」
https://jpsearch.go.jp/data/bibnl-45038898,スピリ少年少女文学全集 4,少女,N-Gramルール除外: 「少女」
https://jpsearch.go.jp/data/bibnl-45041903,コタンの口笛 2 (光の歌),コタンの口笛,N-Gramルール除外: 「コタンの口笛」
https://jpsearch.go.jp/data/bibnl-45041904,コタンの口笛 2 (光の歌),コタンの口笛,N-Gramルール除外: 「コタンの口笛」
https://jpsearch.go.jp/data/bibnl-47014440,日本神道史の研究,研究,N-Gramルール除外: 「研究」
https://jpsearch.go.jp/data/bibnl-47028806,"森田流笛幸流小皷葛野流大皷金春流太皷四拍子手附大成 第1輯 上,下",森田流笛幸流小皷葛,N-Gramルール除外: 「森田流笛幸流小皷葛」
https://jpsearch.go.jp/data/bibnl-52005643,世界歌劇全集 第3,歌劇,N-Gramルール除外: 「歌劇」
https://jpsearch.go.jp/data/bibnl-54003186,"現代謡曲全集 第40巻 (籠太鼓,安宅・小袖曽我,接待・蟻通,名宣笛・男舞・カケリ)",太鼓,N-Gramルール除外: 「太鼓」
https://jpsearch.go.jp/data/bibnl-54003290,歌劇総譜全集 第2巻,歌劇,N-Gramルール除外: 「歌劇」
https://jpsearch.go.jp/data/bibnl-54004383,目と耳による音楽の学習 : 少年少女のための音楽実技全集 [第2] 第3巻 (器楽編 笛の吹き方),少女,N-Gramルール除外: 「少女」
https://jpsearch.go.jp/data/bibnl-56015112,現代神道の研究,研究,N-Gramルール除外: 「研究」
https://jpsearch.go.jp/data/bibnl-75045315,魔笛 : 秘教オペラ,魔笛,N-Gramルール除外: 「魔笛」
https://jpsearch.go.jp/data/bibnl-76000614,コタンの口笛 第1部 上 (あらしの歌),コタンの口笛,N-Gramルール除外: 「コタンの口笛」
https://jpsearch.go.jp/data/bibnl-76000616,コタンの口笛 第1部 下 (あらしの歌),コタンの口笛,N-Gramルール除外: 「コタンの口笛」
https://jpsearch.go.jp/data/bibnl-76000617,コタンの口笛 第2部 (光の歌),コタンの口笛,N-Gramルール除外: 「コタンの口笛」
https://jpsearch.go.jp/data/bibnl-76000635,コタンの口笛,コタンの口笛,N-Gramルール除外: 「コタンの口笛」
https://jpsearch.go.jp/data/bibnl-76002058,ハメルンの笛ふき,メルンの笛ふき,N-Gramルール除外: 「メルンの笛ふき」
https://jpsearch.go.jp/data/bibnl-77010843,天理教教典研究,研究,N-Gramルール除外: 「研究」
https://jpsearch.go.jp/data/bibnl-77027307,鼓笛バンド : みんなの好きな 1,鼓笛,N-Gramルール除外: 「鼓笛」
https://jpsearch.go.jp/data/bibnl-77027308,鼓笛バンド : みんなの好きな 2,鼓笛,N-Gramルール除外: 「鼓笛」
https://jpsearch.go.jp/data/bibnl-77034561,おしりの笛太鼓,太鼓,N-Gramルール除外: 「太鼓」
https://jpsearch.go.jp/data/bibnl-77036362,まんが世界昔ばなし 11 (ハメルンの笛ふき),メルンの笛ふき,N-Gramルール除外: 「メルンの笛ふき」
https://jpsearch.go.jp/data/bibnl-79029766,楽器の科学 : 角笛からシンセサイザー,角笛,N-Gramルール除外: 「角笛」
https://jpsearch.go.jp/data/bibnl-83034275,夜明けの笛 : 童話,童話,N-Gramルール除外: 「童話」
https://jpsearch.go.jp/data/bibnl-84015127,村下孝蔵楽譜全集 : LP「汽笛がきこえる街」からLP「初恋～浅き夢見し」まで全曲収載 レコード・コピー・ギター弾き語り,から,N-Gramルール除外: 「から」
https://jpsearch.go.jp/data/bibnl-84031389,日本の楽譜展 : 天平琵琶譜から幕末の鼓笛譜まで 解題目録,鼓笛,N-Gramルール除外: 「鼓笛」
https://jpsearch.go.jp/data/bibnl-84041457,モーツァルト魔笛,魔笛,N-Gramルール除外: 「魔笛」
https://jpsearch.go.jp/data/bibnl-84090513,葦笛 : 宗教童話集第1編,童話集,N-Gramルール除外: 「童話集」
https://jpsearch.go.jp/data/bibnl-85004882,赤石岳の鹿笛 : 信州遠山・山やまのさけび,鹿笛,N-Gramルール除外: 「鹿笛」
https://jpsearch.go.jp/data/bibnl-86052642,原子野の汽笛,の汽笛,N-Gramルール除外: 「の汽笛」
https://jpsearch.go.jp/data/bibnl-88014222,まほうの笛(魔笛) : 音楽ものがたり,魔笛,N-Gramルール除外: 「魔笛」
https://jpsearch.go.jp/data/bibnl-88015184,魔笛 : モーツァルト,魔笛,N-Gramルール除外: 「魔笛」
https://jpsearch.go.jp/data/bibnl-88015441,コタンの口笛 第1部 (あらしの歌 part 1),コタンの口笛,N-Gramルール除外: 「コタンの口笛」
https://jpsearch.go.jp/data/bibnl-88019139,コタンの口笛 第1部 (あらしの歌 part 2),コタンの口笛,N-Gramルール除外: 「コタンの口笛」
https://jpsearch.go.jp/data/bibnl-88037656,コタンの口笛 第2部 (光の歌 part 3),コタンの口笛,N-Gramルール除外: 「コタンの口笛」
https://jpsearch.go.jp/data/bibnl-89060884,角笛城の反乱,角笛,N-Gramルール除外: 「角笛」
https://jpsearch.go.jp/data/bibnl-90003154,ハーメルンの笛ふき,メルンの笛ふき,N-Gramルール除外: 「メルンの笛ふき」
https://jpsearch.go.jp/data/bibnl-90041583,吹奏楽50年のあゆみ : 鼓笛隊から吹奏楽部へ,鼓笛,N-Gramルール除外: 「鼓笛」
https://jpsearch.go.jp/data/bibnl-91021541,ハーメルンの笛吹き男,ハーメルンの笛吹き,N-Gramルール除外: 「ハーメルンの笛吹き」
https://jpsearch.go.jp/data/bibnl-91022492,マーラー角笛交響曲の時代,角笛,N-Gramルール除外: 「角笛」
https://jpsearch.go.jp/data/bibnl-91055563,少年少女文化財教室 [16] (古代の土笛をふいてみないか),少女,N-Gramルール除外: 「少女」
https://jpsearch.go.jp/data/bibnl-92018197,魔笛 : モーツァルトおんがく物語,物語,N-Gramルール除外: 「物語」
https://jpsearch.go.jp/data/bibnl-92019274,『魔笛』とウィーン : 興行師シカネーダーの時代,魔笛,N-Gramルール除外: 「魔笛」
https://jpsearch.go.jp/data/bibnl-92020682,シカネーダー伝 : 『魔笛』を書いた興行師,魔笛,N-Gramルール除外: 「魔笛」
https://jpsearch.go.jp/data/bibnl-92025036,魔笛 : Wolfgang Amadeus Mozart,魔笛,N-Gramルール除外: 「魔笛」
https://jpsearch.go.jp/data/bibnl-99050281,コカリナの海 : 小さな木の笛の物語,物語,N-Gramルール除外: 「物語」
https://jpsearch.go.jp/data/bibnl-99097960,むぎぶえ笛太 : 文館輝子童話集,童話集,N-Gramルール除外: 「童話集」
https://jpsearch.go.jp/data/cobas-116627,鹿笛,鹿笛,N-Gramルール除外: 「鹿笛」
https://jpsearch.go.jp/data/cobas-158500,鹿笛,鹿笛,N-Gramルール除外: 「鹿笛」
https://jpsearch.go.jp/data/cobas-177929,源氏物語 「横笛」,物語,N-Gramルール除外: 「物語」
https://jpsearch.go.jp/data/dignl-10255976,笛吹川,笛吹川,N-Gramルール除外: 「笛吹川」
https://jpsearch.go.jp/data/dignl-10256023,汽笛,汽笛,N-Gramルール除外: 「汽笛」
https://jpsearch.go.jp/data/dignl-10257035,ハンメルンの笛吹き　ドイツの昔話から,メルンの笛吹き,N-Gramルール除外: 「メルンの笛吹き」
https://jpsearch.go.jp/data/dignl-10263952,角笛 鉄のカーテンを開く,角笛,N-Gramルール除外: 「角笛」
https://jpsearch.go.jp/data/dignl-1121459,篠笛俗曲集,篠笛,N-Gramルール除外: 「篠笛」
https://jpsearch.go.jp/data/dignl-11578962,篠笛はうた集,篠笛,N-Gramルール除外: 「篠笛」
https://jpsearch.go.jp/data/dignl-1194909,"森田流笛幸流小皷葛野流大皷金春流太皷四拍子手附大成 第1輯 上,下 男舞",森田流笛幸流小皷葛,N-Gramルール除外: 「森田流笛幸流小皷葛」
https://jpsearch.go.jp/data/dignl-1194911,"森田流笛幸流小皷葛野流大皷金春流太皷四拍子手附大成 第1輯 上,下 中之舞",森田流笛幸流小皷葛,N-Gramルール除外: 「森田流笛幸流小皷葛」
https://jpsearch.go.jp/data/dignl-1194914,"森田流笛幸流小皷葛野流大皷金春流太皷四拍子手附大成 第1輯 上,下 序之舞",森田流笛幸流小皷葛,N-Gramルール除外: 「森田流笛幸流小皷葛」
https://jpsearch.go.jp/data/dignl-1194919,"森田流笛幸流小皷葛野流大皷金春流太皷四拍子手附大成 第1輯 上,下 樂",森田流笛幸流小皷葛,N-Gramルール除外: 「森田流笛幸流小皷葛」
https://jpsearch.go.jp/data/dignl-1194922,"森田流笛幸流小皷葛野流大皷金春流太皷四拍子手附大成 第1輯 上,下 羯鼓",森田流笛幸流小皷葛,N-Gramルール除外: 「森田流笛幸流小皷葛」
https://jpsearch.go.jp/data/dignl-1194923,"森田流笛幸流小皷葛野流大皷金春流太皷四拍子手附大成 第1輯 上,下 翔",森田流笛幸流小皷葛,N-Gramルール除外: 「森田流笛幸流小皷葛」
https://jpsearch.go.jp/data/dignl-1194924,"森田流笛幸流小皷葛野流大皷金春流太皷四拍子手附大成 第1輯 上,下 次第",森田流笛幸流小皷葛,N-Gramルール除外: 「森田流笛幸流小皷葛」
https://jpsearch.go.jp/data/dignl-1194930,"森田流笛幸流小皷葛野流大皷金春流太皷四拍子手附大成 第1輯 上,下 一聲",森田流笛幸流小皷葛,N-Gramルール除外: 「森田流笛幸流小皷葛」
https://jpsearch.go.jp/data/dignl-1194933,"森田流笛幸流小皷葛野流大皷金春流太皷四拍子手附大成 第1輯 上,下 太鼓中之舞",森田流笛幸流小皷葛,N-Gramルール除外: 「森田流笛幸流小皷葛」
https://jpsearch.go.jp/data/dignl-1194940,"森田流笛幸流小皷葛野流大皷金春流太皷四拍子手附大成 第1輯 上,下 早舞",森田流笛幸流小皷葛,N-Gramルール除外: 「森田流笛幸流小皷葛」
https://jpsearch.go.jp/data/dignl-1194943,"森田流笛幸流小皷葛野流大皷金春流太皷四拍子手附大成 第1輯 上,下 神舞",森田流笛幸流小皷葛,N-Gramルール除外: 「森田流笛幸流小皷葛」
https://jpsearch.go.jp/data/dignl-1194946,"森田流笛幸流小皷葛野流大皷金春流太皷四拍子手附大成 第1輯 上,下 太鼓序之舞",森田流笛幸流小皷葛,N-Gramルール除外: 「森田流笛幸流小皷葛」
https://jpsearch.go.jp/data/dignl-1194949,"森田流笛幸流小皷葛野流大皷金春流太皷四拍子手附大成 第1輯 上,下 太鼓樂",森田流笛幸流小皷葛,N-Gramルール除外: 「森田流笛幸流小皷葛」
https://jpsearch.go.jp/data/dignl-1194952,"森田流笛幸流小皷葛野流大皷金春流太皷四拍子手附大成 第1輯 上,下 神樂",森田流笛幸流小皷葛,N-Gramルール除外: 「森田流笛幸流小皷葛」
https://jpsearch.go.jp/data/dignl-1194954,"森田流笛幸流小皷葛野流大皷金春流太皷四拍子手附大成 第1輯 上,下 下り端",森田流笛幸流小皷葛,N-Gramルール除外: 「森田流笛幸流小皷葛」
https://jpsearch.go.jp/data/dignl-1194959,"森田流笛幸流小皷葛野流大皷金春流太皷四拍子手附大成 第1輯 上,下 出端",森田流笛幸流小皷葛,N-Gramルール除外: 「森田流笛幸流小皷葛」
https://jpsearch.go.jp/data/dignl-1194962,"森田流笛幸流小皷葛野流大皷金春流太皷四拍子手附大成 第1輯 上,下 早笛",森田流笛幸流小皷葛,N-Gramルール除外: 「森田流笛幸流小皷葛」
https://jpsearch.go.jp/data/dignl-1194965,"森田流笛幸流小皷葛野流大皷金春流太皷四拍子手附大成 第1輯 上,下 舞働",森田流笛幸流小皷葛,N-Gramルール除外: 「森田流笛幸流小皷葛」
https://jpsearch.go.jp/data/dignl-1194968,"森田流笛幸流小皷葛野流大皷金春流太皷四拍子手附大成 第1輯 上,下 大癋",森田流笛幸流小皷葛,N-Gramルール除外: 「森田流笛幸流小皷葛」
https://jpsearch.go.jp/data/dignl-12281397,天理教教典研究,研究,N-Gramルール除外: 「研究」
https://jpsearch.go.jp/data/dignl-12300593,英国歩操鼓笛譜 第1編,英国歩操鼓笛,N-Gramルール除外: 「英国歩操鼓笛」
https://jpsearch.go.jp/data/dignl-12506073,蘆笛 : 合同歌集 第12輯,歌集,N-Gramルール除外: 「歌集」
https://jpsearch.go.jp/data/dignl-1288312,〔源氏物語〕 よこ笛,物語,N-Gramルール除外: 「物語」
https://jpsearch.go.jp/data/dignl-12901665,横笛姫 : 絵物語,物語,N-Gramルール除外: 「物語」
https://jpsearch.go.jp/data/dignl-12909292,ハメルンの笛ふき,メルンの笛ふき,N-Gramルール除外: 「メルンの笛ふき」
https://jpsearch.go.jp/data/dignl-12918909,コタンの口笛 第1部 上 (あらしの歌),コタンの口笛,N-Gramルール除外: 「コタンの口笛」
https://jpsearch.go.jp/data/dignl-12924294,コタンの口笛 第1部,コタンの口笛,N-Gramルール除外: 「コタンの口笛」
https://jpsearch.go.jp/data/dignl-12924302,コタンの口笛 第2部,コタンの口笛,N-Gramルール除外: 「コタンの口笛」
https://jpsearch.go.jp/data/dignl-12925160,コタンの口笛 第1部,コタンの口笛,N-Gramルール除外: 「コタンの口笛」
https://jpsearch.go.jp/data/dignl-12926733,コタンの口笛 第2部,コタンの口笛,N-Gramルール除外: 「コタンの口笛」
https://jpsearch.go.jp/data/dignl-12927434,コタンの口笛 上,コタンの口笛,N-Gramルール除外: 「コタンの口笛」
https://jpsearch.go.jp/data/dignl-12928100,長い汽笛の旅,汽笛,N-Gramルール除外: 「汽笛」
https://jpsearch.go.jp/data/dignl-12929458,コタンの口笛 : 抄,コタンの口笛,N-Gramルール除外: 「コタンの口笛」
https://jpsearch.go.jp/data/dignl-12930636,コタンの口笛 第1部 下 (あらしの歌),コタンの口笛,N-Gramルール除外: 「コタンの口笛」
https://jpsearch.go.jp/data/dignl-12930838,コタンの口笛 下,コタンの口笛,N-Gramルール除外: 「コタンの口笛」
https://jpsearch.go.jp/data/dignl-1302167,風流略源氏　横笛,源氏,N-Gramルール除外: 「源氏」
https://jpsearch.go.jp/data/dignl-1305246,源氏雲浮世画合　横笛　頓兵衛・おふね,源氏,N-Gramルール除外: 「源氏」
https://jpsearch.go.jp/data/dignl-1305592,源氏五十四帖　〔卅七〕　横笛,源氏,N-Gramルール除外: 「源氏」
https://jpsearch.go.jp/data/dignl-13064698,後志の汽笛 : C62ニセコ号の雄姿 上山賢一写真集,の汽笛,N-Gramルール除外: 「の汽笛」
https://jpsearch.go.jp/data/dignl-1308685,源氏後集余情　横笛,源氏,N-Gramルール除外: 「源氏」
https://jpsearch.go.jp/data/dignl-1338940,パンの笛 : 音楽童話,童話,N-Gramルール除外: 「童話」
https://jpsearch.go.jp/data/dignl-1339096,中納言の笛 : 御伽草子から取材した新童話7篇,から,N-Gramルール除外: 「から」
https://jpsearch.go.jp/data/dignl-1339691,人魚の笛 : 名作物語,物語,N-Gramルール除外: 「物語」
https://jpsearch.go.jp/data/dignl-1339755,マフイヤの笛 : 不思議な南国童話,童話,N-Gramルール除外: 「童話」
https://jpsearch.go.jp/data/dignl-1339860,小人鼻助物語・幽霊洞窟・魔法の笛 : ハウフ童話集,物語,N-Gramルール除外: 「物語」
https://jpsearch.go.jp/data/dignl-13438161,源氏物語別本集成 第10巻 (横笛-御法),物語,N-Gramルール除外: 「物語」
https://jpsearch.go.jp/data/dignl-13667190,まんが世界昔ばなし 11 (ハメルンの笛ふき),メルンの笛ふき,N-Gramルール除外: 「メルンの笛ふき」
https://jpsearch.go.jp/data/dignl-13678657,おしりの笛太鼓,太鼓,N-Gramルール除外: 「太鼓」
https://jpsearch.go.jp/data/dignl-13688712,夜明けの笛 : 童話,童話,N-Gramルール除外: 「童話」
https://jpsearch.go.jp/data/dignl-13793326,原子野の汽笛,の汽笛,N-Gramルール除外: 「の汽笛」
https://jpsearch.go.jp/data/dignl-13796634,モーツァルト魔笛,魔笛,N-Gramルール除外: 「魔笛」
https://jpsearch.go.jp/data/dignl-13799457,赤石岳の鹿笛 : 信州遠山・山やまのさけび,鹿笛,N-Gramルール除外: 「鹿笛」
https://jpsearch.go.jp/data/dignl-13808063,コタンの口笛 第1部 (あらしの歌 part 1),コタンの口笛,N-Gramルール除外: 「コタンの口笛」
https://jpsearch.go.jp/data/dignl-13808064,コタンの口笛 第1部 (あらしの歌 part 2),コタンの口笛,N-Gramルール除外: 「コタンの口笛」
https://jpsearch.go.jp/data/dignl-13808065,コタンの口笛 第2部 (光の歌 part 3),コタンの口笛,N-Gramルール除外: 「コタンの口笛」
https://jpsearch.go.jp/data/dignl-13820842,まほうの笛(魔笛) : 音楽ものがたり,魔笛,N-Gramルール除外: 「魔笛」
https://jpsearch.go.jp/data/dignl-13953703,からふと曼陀羅もがり笛 : 自家版,から,N-Gramルール除外: 「から」
https://jpsearch.go.jp/data/dignl-13974954,歌集 鴿笛,歌集,N-Gramルール除外: 「歌集」
https://jpsearch.go.jp/data/dignl-13999288,小田家文書目録 : 肥前国松浦郡小値賀島笛吹浦 : 立正大学名誉教授北原進氏所蔵,家文書,N-Gramルール除外: 「家文書」
https://jpsearch.go.jp/data/dignl-14037091,魔笛文明史の劇場,魔笛,N-Gramルール除外: 「魔笛」
https://jpsearch.go.jp/data/dignl-14037989,魔笛 : モーツァルト,魔笛,N-Gramルール除外: 「魔笛」
https://jpsearch.go.jp/data/dignl-14038135,魔笛 : モーツァルト,魔笛,N-Gramルール除外: 「魔笛」
https://jpsearch.go.jp/data/dignl-14038160,シカネーダー : 『魔笛』を書いた興行師,魔笛,N-Gramルール除外: 「魔笛」
https://jpsearch.go.jp/data/dignl-14038173,魔笛,魔笛,N-Gramルール除外: 「魔笛」
https://jpsearch.go.jp/data/dignl-14041776,トランペット/入門からジャズ奏法まで : ホイッスル・システム(口笛方式)によるトランペット教本,から,N-Gramルール除外: 「から」
https://jpsearch.go.jp/data/dignl-14081615,汽笛紀行 : ふるさと彩発見 : 長谷川健夫写真集,汽笛,N-Gramルール除外: 「汽笛」
https://jpsearch.go.jp/data/dignl-14085592,笛の音うるむ : 小説 : 他二編,小説,N-Gramルール除外: 「小説」
https://jpsearch.go.jp/data/dignl-14091050,笛伶 : 伊勢方信歌集,歌集,N-Gramルール除外: 「歌集」
https://jpsearch.go.jp/data/dignl-14094402,藤岡俊子詩集 : 汽笛,汽笛,N-Gramルール除外: 「汽笛」
https://jpsearch.go.jp/data/dignl-14097090,帝都探偵物語 5 (霧笛に哭くロロ),物語,N-Gramルール除外: 「物語」
https://jpsearch.go.jp/data/dignl-14102058,口笛 : 歌集,歌集,N-Gramルール除外: 「歌集」
https://jpsearch.go.jp/data/dignl-14107104,遥か海の彼方からサヨナラの汽笛が聞こえる 下,の汽笛,N-Gramルール除外: 「の汽笛」
https://jpsearch.go.jp/data/dignl-14110246,遥か海の彼方からサヨナラの汽笛が聞こえる 上,の汽笛,N-Gramルール除外: 「の汽笛」
https://jpsearch.go.jp/data/dignl-14110537,保坂本源氏物語 第8巻 横笛,物語,N-Gramルール除外: 「物語」
https://jpsearch.go.jp/data/dignl-14111988,遥かなる汽笛,汽笛,N-Gramルール除外: 「汽笛」
https://jpsearch.go.jp/data/dignl-14114876,弥生時代の土笛づくり : 平成9年度考古学教室から,から,N-Gramルール除外: 「から」
https://jpsearch.go.jp/data/dignl-14116561,笙の笛 : 星子英歌集,歌集,N-Gramルール除外: 「歌集」
https://jpsearch.go.jp/data/dignl-14137978,秋山 : 土笛第三合同歌集,歌集,N-Gramルール除外: 「歌集」
https://jpsearch.go.jp/data/dignl-14141812,汽笛一声,汽笛,N-Gramルール除外: 「汽笛」
https://jpsearch.go.jp/data/dignl-14147437,角笛,角笛,N-Gramルール除外: 「角笛」
https://jpsearch.go.jp/data/dignl-14148073,湖笛 : 歌集,歌集,N-Gramルール除外: 「歌集」
https://jpsearch.go.jp/data/dignl-14148681,ジプシーの笛 : イタリア紀行 : 歌集,歌集,N-Gramルール除外: 「歌集」
https://jpsearch.go.jp/data/dignl-14149099,笛吹川 : 句集,笛吹川,N-Gramルール除外: 「笛吹川」
https://jpsearch.go.jp/data/dignl-14150366,ミネルヴァの笛 : 角谷絵鈴歌集,歌集,N-Gramルール除外: 「歌集」
https://jpsearch.go.jp/data/dignl-14160571,鳩笛 : 歌集,歌集,N-Gramルール除外: 「歌集」
https://jpsearch.go.jp/data/dignl-14166013,篳篥 : 歌集,歌集,N-Gramルール除外: 「歌集」
https://jpsearch.go.jp/data/dignl-14167710,猫は汽笛を鳴らす,汽笛を,N-Gramルール除外: 「汽笛を」
https://jpsearch.go.jp/data/dignl-14168660,篠笛 : 句集,篠笛,N-Gramルール除外: 「篠笛」
https://jpsearch.go.jp/data/dignl-14169783,笛吹の道 : 歌集,歌集,N-Gramルール除外: 「歌集」
https://jpsearch.go.jp/data/dignl-14170825,鳩笛草 : 傑作推理小説,小説,N-Gramルール除外: 「小説」
https://jpsearch.go.jp/data/dignl-14175121,麦笛吹けば : 歌集,歌集,N-Gramルール除外: 「歌集」
https://jpsearch.go.jp/data/dignl-14179751,夜の鳩笛 : 歌集,歌集,N-Gramルール除外: 「歌集」
https://jpsearch.go.jp/data/dignl-14186021,草笛 : 歌集,歌集,N-Gramルール除外: 「歌集」
https://jpsearch.go.jp/data/dignl-14187170,海から聞こえる笛 つゆ草の花,から,N-Gramルール除外: 「から」
https://jpsearch.go.jp/data/dignl-14212131,草笛を吹く少女 : 詩集,少女,N-Gramルール除外: 「少女」
https://jpsearch.go.jp/data/dignl-14212878,汽笛を見た少年,汽笛を,N-Gramルール除外: 「汽笛を」
https://jpsearch.go.jp/data/dignl-14213926,パンの笛 : 大塚善子歌集,歌集,N-Gramルール除外: 「歌集」
https://jpsearch.go.jp/data/dignl-14214197,磯笛 : 歌集,歌集,N-Gramルール除外: 「歌集」
https://jpsearch.go.jp/data/dignl-14214223,魔笛が聴こえる,魔笛,N-Gramルール除外: 「魔笛」
https://jpsearch.go.jp/data/dignl-14216777,天涯の汽笛,の汽笛,N-Gramルール除外: 「の汽笛」
https://jpsearch.go.jp/data/dignl-14221614,北国の汽笛 : 星良助写真集 1,の汽笛,N-Gramルール除外: 「の汽笛」
https://jpsearch.go.jp/data/dignl-14221771,遠い汽笛,汽笛,N-Gramルール除外: 「汽笛」
https://jpsearch.go.jp/data/dignl-14226212,野上彌生子全小説 12,小説,N-Gramルール除外: 「小説」
https://jpsearch.go.jp/data/dignl-14226849,夢の笛 : 山下富美歌集,歌集,N-Gramルール除外: 「歌集」
https://jpsearch.go.jp/data/dignl-14229310,犬笛 : 長編ハード・アクション小説,小説,N-Gramルール除外: 「小説」
https://jpsearch.go.jp/data/dignl-14230548,ビバイの笛 : 歌集,歌集,N-Gramルール除外: 「歌集」
https://jpsearch.go.jp/data/dignl-14231956,カルメンの魔笛 : 聖母探偵事務所 : 長編ファンキィ・ミステリー,魔笛,N-Gramルール除外: 「魔笛」
https://jpsearch.go.jp/data/dignl-14234440,横笛 : 東籬男歌集・論文集,歌集,N-Gramルール除外: 「歌集」
https://jpsearch.go.jp/data/dignl-14260794,魔笛,魔笛,N-Gramルール除外: 「魔笛」
https://jpsearch.go.jp/data/dignl-14262150,天人の笛 : 歌集,歌集,N-Gramルール除外: 「歌集」
https://jpsearch.go.jp/data/dignl-14273503,さるぶうの笛 : 随筆と小説,小説,N-Gramルール除外: 「小説」
https://jpsearch.go.jp/data/dignl-14315732,小倉武一小論集 第2巻 (濠端からの警笛),から,N-Gramルール除外: 「から」
https://jpsearch.go.jp/data/dignl-14336842,水源地域森林適正整備調査報告書 : 笛吹川上流域及び噴火湾沿岸域,笛吹川,N-Gramルール除外: 「笛吹川」
https://jpsearch.go.jp/data/dignl-14340641,時ノアゲアシ取リ : 笙野頼子窯変小説集,小説,N-Gramルール除外: 「小説」
https://jpsearch.go.jp/data/dignl-14341316,鹿笛 : 句集,鹿笛,N-Gramルール除外: 「鹿笛」
https://jpsearch.go.jp/data/dignl-14341904,峡出づる汽笛 : 歌集,汽笛,N-Gramルール除外: 「汽笛」
https://jpsearch.go.jp/data/dignl-14358482,土の笛 : 歌集,歌集,N-Gramルール除外: 「歌集」
https://jpsearch.go.jp/data/dignl-14359161,魔笛,魔笛,N-Gramルール除外: 「魔笛」
https://jpsearch.go.jp/data/dignl-14360341,聖竜戦記 5 (復活の角笛),角笛,N-Gramルール除外: 「角笛」
https://jpsearch.go.jp/data/dignl-14512633,ハーメルンの笛ふき,メルンの笛ふき,N-Gramルール除外: 「メルンの笛ふき」
https://jpsearch.go.jp/data/dignl-14514000,少年少女文化財教室 [16] (古代の土笛をふいてみないか),少女,N-Gramルール除外: 「少女」
https://jpsearch.go.jp/data/dignl-14699965,明治鉄道錦絵とその時代 : 鉄道開通、汽笛一声は品川から出発した… : 品川歴史館特別展図録,から,N-Gramルール除外: 「から」
https://jpsearch.go.jp/data/dignl-14735889,芳賀路の汽笛 : 渡邉乙弘写真集,の汽笛,N-Gramルール除外: 「の汽笛」
https://jpsearch.go.jp/data/dignl-14855429,ハーメルンの笛吹き男,ハーメルンの笛吹き,N-Gramルール除外: 「ハーメルンの笛吹き」
https://jpsearch.go.jp/data/dignl-1624714,コタンの口笛 1 (あらしの歌),コタンの口笛,N-Gramルール除外: 「コタンの口笛」
https://jpsearch.go.jp/data/dignl-1624715,コタンの口笛 1 (あらしの歌),コタンの口笛,N-Gramルール除外: 「コタンの口笛」
https://jpsearch.go.jp/data/dignl-1625445,口笛のきこえる朝 : こどもを育てる生活童話 高学年向,童話,N-Gramルール除外: 「童話」
https://jpsearch.go.jp/data/dignl-1631440,角笛のひびき,角笛,N-Gramルール除外: 「角笛」
https://jpsearch.go.jp/data/dignl-1634481,新笛吹童子 : 新諸国物語・笛吹童子続篇,物語,N-Gramルール除外: 「物語」
https://jpsearch.go.jp/data/dignl-1636494,悪魔の角笛,角笛,N-Gramルール除外: 「角笛」
https://jpsearch.go.jp/data/dignl-1636729,アルプスの笛,アルプ,N-Gramルール除外: 「アルプ」
https://jpsearch.go.jp/data/dignl-1638646,少年少女吉川英治名作集 5 (月笛日笛),少女,N-Gramルール除外: 「少女」
https://jpsearch.go.jp/data/dignl-1639769,スピリ少年少女文学全集 4,少女,N-Gramルール除外: 「少女」
https://jpsearch.go.jp/data/dignl-1642287,コタンの口笛 2 (光の歌),コタンの口笛,N-Gramルール除外: 「コタンの口笛」
https://jpsearch.go.jp/data/dignl-1642288,コタンの口笛 2 (光の歌),コタンの口笛,N-Gramルール除外: 「コタンの口笛」
https://jpsearch.go.jp/data/dignl-1651418,[少年少女雑誌別冊付録漫画集成] 月笛小太郎,少女,N-Gramルール除外: 「少女」
https://jpsearch.go.jp/data/dignl-1651690,[少年少女雑誌別冊付録漫画集成] 笛吹童子,少女,N-Gramルール除外: 「少女」
https://jpsearch.go.jp/data/dignl-1651930,銀次郎の笛 : 童話,童話,N-Gramルール除外: 「童話」
https://jpsearch.go.jp/data/dignl-1652018,角笛を吹く子 : 未明童話集,角笛を,N-Gramルール除外: 「角笛を」
https://jpsearch.go.jp/data/dignl-1657767,コタンの口笛 1,コタンの口笛,N-Gramルール除外: 「コタンの口笛」
https://jpsearch.go.jp/data/dignl-1657768,コタンの口笛 2,コタンの口笛,N-Gramルール除外: 「コタンの口笛」
https://jpsearch.go.jp/data/dignl-1681649,悲しき草笛 : 少女小説,少女小説,N-Gramルール除外: 「少女小説」
https://jpsearch.go.jp/data/dignl-1718020,笛吹川,笛吹川,N-Gramルール除外: 「笛吹川」
https://jpsearch.go.jp/data/dignl-1720554,子守笛 : 実演童話,童話,N-Gramルール除外: 「童話」
https://jpsearch.go.jp/data/dignl-1731105,もがり笛 : 童話集,童話集,N-Gramルール除外: 「童話集」
https://jpsearch.go.jp/data/dignl-1857585,少女鼓笛隊 : 少女小説,少女小説,N-Gramルール除外: 「少女小説」
https://jpsearch.go.jp/data/dignl-1873678,葦笛 : 宗教童話集第1編,童話集,N-Gramルール除外: 「童話集」
https://jpsearch.go.jp/data/dignl-8343771,パンの笛 : 音楽童話,童話,N-Gramルール除外: 「童話」
https://jpsearch.go.jp/data/dignl-8343811,草笛大臣 ほか6つのおはなし : 童話集,童話集,N-Gramルール除外: 「童話集」
https://jpsearch.go.jp/data/dignl-8343812,草笛大臣 ほか6つのおはなし : 童話集,童話集,N-Gramルール除外: 「童話集」
https://jpsearch.go.jp/data/dignl-8343837,銀次郎の笛 : 童話,童話,N-Gramルール除外: 「童話」
https://jpsearch.go.jp/data/dignl-8343907,草笛 : 童話,童話,N-Gramルール除外: 「童話」
https://jpsearch.go.jp/data/dignl-8345764,角笛を吹く子,角笛を,N-Gramルール除外: 「角笛を」
https://jpsearch.go.jp/data/dignl-8345801,うぐひす笛 : 童話集,童話集,N-Gramルール除外: 「童話集」
https://jpsearch.go.jp/data/dignl-8346574,千鳥笛 : 少女小説,少女小説,N-Gramルール除外: 「少女小説」
https://jpsearch.go.jp/data/dignl-8346576,悲しき草笛 : 少女小説,少女小説,N-Gramルール除外: 「少女小説」
https://jpsearch.go.jp/data/dignl-8346633,角笛のひびき,角笛,N-Gramルール除外: 「角笛」
https://jpsearch.go.jp/data/dignl-8346725,春の草笛 : 少女小説,少女小説,N-Gramルール除外: 「少女小説」
https://jpsearch.go.jp/data/dignl-8346793,悲しき口笛 : 長編少女小説,少女小説,N-Gramルール除外: 「少女小説」
https://jpsearch.go.jp/data/dignl-8346810,月笛日笛 : 少年少女小説,少女小説,N-Gramルール除外: 「少女小説」
https://jpsearch.go.jp/data/dignl-8346811,"月笛日笛, 続 : 少年少女小説",少女小説,N-Gramルール除外: 「少女小説」
https://jpsearch.go.jp/data/dignl-8346893,母恋笛 : 少年少女小説,少女小説,N-Gramルール除外: 「少女小説」
https://jpsearch.go.jp/data/dignl-8347131,救いの角笛 : 世界冒険文庫,角笛,N-Gramルール除外: 「角笛」
https://jpsearch.go.jp/data/dignl-8383373,ばかの笛 : 少年少女文庫 1,少女,N-Gramルール除外: 「少女」
https://jpsearch.go.jp/data/dignl-854725,英国歩操鼓笛譜 第1編,英国歩操鼓笛,N-Gramルール除外: 「英国歩操鼓笛」
https://jpsearch.go.jp/data/dignl-854842,"鼓笛喇叭軍歌実用新譜 : 附・譜学ノ解説預行,図解",鼓笛,N-Gramルール除外: 「鼓笛」
https://jpsearch.go.jp/data/dignl-8943211,[源氏物語] 54巻 [37] よこ笛,物語,N-Gramルール除外: 「物語」
https://jpsearch.go.jp/data/dignl-9104227,新諸国物語　笛吹童子の巻 207,物語,N-Gramルール除外: 「物語」
https://jpsearch.go.jp/data/dignl-946072,一噌流笛・大倉流小鼓・高安流大鼓・観世流太鼓四拍子手附大成 　第１輯上,太鼓四拍子手附大,N-Gramルール除外: 「太鼓四拍子手附大」
https://jpsearch.go.jp/data/dignl-946073,一噌流笛・大倉流小鼓・高安流大鼓・観世流太鼓四拍子手附大成 　第１輯下,太鼓四拍子手附大,N-Gramルール除外: 「太鼓四拍子手附大」
https://jpsearch.go.jp/data/fukui-R100000103_I000312512_00,『だるま屋少女歌劇二月公演番組』（童話歌劇笛吹き仙公、ヴアライテイ、早春幻想曲、歌劇ウヰリアム・テル）,少女,N-Gramルール除外: 「少女」
https://jpsearch.go.jp/data/fukui-R100000103_I000320367_00,[震災アルバム3] 敦賀郡中郷村道之口、笙之川堤防決壊個所,アル,N-Gramルール除外: 「アル」
https://jpsearch.go.jp/data/fukui-R100000103_I000320369_00,[震災アルバム3] 敦賀郡愛発村疋田、笙之川氾濫による被害,アル,N-Gramルール除外: 「アル」
https://jpsearch.go.jp/data/fukui-R100000103_I000442044_00,[県広報]福井夏まつり 市内小学校鼓笛隊,小学校鼓笛隊,N-Gramルール除外: 「小学校鼓笛隊」
https://jpsearch.go.jp/data/fukui-R100000103_I000442268_00,[県広報]鼓笛隊練習,鼓笛,N-Gramルール除外: 「鼓笛」
https://jpsearch.go.jp/data/fukui-R100000103_I000463905_00,[県広報]国体 集団演技鼓笛部合同練習,鼓笛,N-Gramルール除外: 「鼓笛」
https://jpsearch.go.jp/data/fukui-R100000103_I000520708_00,笙の川における魚へい死に係る水質等の分析結果について,における,N-Gramルール除外: 「における」
https://jpsearch.go.jp/data/fukui-R100000103_I000521301_00,二級河川笙の川の水系笙の川における特定水利使用に関する河川法第23条および第24条許可について（回答）,における,N-Gramルール除外: 「における」
https://jpsearch.go.jp/data/hpmm_book-T0913_8A017,原子野の汽笛　（続・長崎の原爆シリーズ　中巻）,の汽笛,N-Gramルール除外: 「の汽笛」
https://jpsearch.go.jp/data/hpmm_book-T0913_8N046,汽笛,汽笛,N-Gramルール除外: 「汽笛」
https://jpsearch.go.jp/data/ishikawa-httpsR2dTxASQEndlsearch_ndl_go_jpAXObooksAXOR100000133_IorgnB112001923,麦から笛,から,N-Gramルール除外: 「から」
https://jpsearch.go.jp/data/ishikawa-httpsR2dTxASQEndlsearch_ndl_go_jpAXObooksAXOR100000133_IorgnB203000064,森田流笛手覚,森田流,N-Gramルール除外: 「森田流」
https://jpsearch.go.jp/data/ishikawa-httpsR2dTxASQEndlsearch_ndl_go_jpAXObooksAXOR100000133_IorgnB203000294,森田流笛手,森田流,N-Gramルール除外: 「森田流」
https://jpsearch.go.jp/data/issnl-R100000094_I000013209_00,史料紹介　徳川林政史研究所所蔵「御狩鹿御留帳」「御笛山御留帳」と尾州藩御鷹野年表,研究,N-Gramルール除外: 「研究」
https://jpsearch.go.jp/data/issnl-R100000094_I000022559_00,汽笛・ステンショ・まちこうば：わが町文化誌,汽笛,N-Gramルール除外: 「汽笛」
https://jpsearch.go.jp/data/issnl-R100000094_I000075883_00,小林春江歌集　『季節の笛』,季節の,N-Gramルール除外: 「季節の」
https://jpsearch.go.jp/data/iwate-R000000190_I000000004_00,呼子と口笛,呼子と口笛,N-Gramルール除外: 「呼子と口笛」
https://jpsearch.go.jp/data/keioobjecthub-12773,[青葉の笛の物語],物語,N-Gramルール除外: 「物語」
https://jpsearch.go.jp/data/keioobjecthub-12887,横笛物語（外補）,物語,N-Gramルール除外: 「物語」
https://jpsearch.go.jp/data/kochi-R100000140_I000061142_00,「源氏物語　22」　横笛,物語,N-Gramルール除外: 「物語」
https://jpsearch.go.jp/data/kochi-R100000140_I000063539_00,「源氏物語　37」　横ふえ（横笛）,物語,N-Gramルール除外: 「物語」
https://jpsearch.go.jp/data/kochi-R100000140_I000064021_00,森田流笛附（写）,森田流,N-Gramルール除外: 「森田流」
https://jpsearch.go.jp/data/kyudai-R100000092_I000008675_00,源氏物語 20 柏木 / 横笛 / 鈴虫,物語,N-Gramルール除外: 「物語」
https://jpsearch.go.jp/data/kyudai-R100000092_I000008677_00,源氏物語 20 横笛,物語,N-Gramルール除外: 「物語」
https://jpsearch.go.jp/data/kyudai-R100000092_I000008736_00,源氏物語 37 横笛,物語,N-Gramルール除外: 「物語」
https://jpsearch.go.jp/data/kyudai-R100000092_I000008790_00,萬水一露抄 : 源氏物語聞書 37 横笛,物語,N-Gramルール除外: 「物語」
https://jpsearch.go.jp/data/kyudai-R100000092_I000034239_00,鼓笛譜(英國―),鼓笛,N-Gramルール除外: 「鼓笛」
https://jpsearch.go.jp/data/najda-8lQZh9O8FBpwin1JTA63TEGJU0Pgcj30,あを葉の笛物語,物語,N-Gramルール除外: 「物語」
https://jpsearch.go.jp/data/najda-ArROt2bvC438FzXbHZpqFmQNSvWXukVP_0047,唐小説李謨吹笛記,小説,N-Gramルール除外: 「小説」
https://jpsearch.go.jp/data/najda-JJnOHxbvToA4UMJzCa9PSlj2cb4BFWoXFVZd_0037,源氏物語　横笛,物語,N-Gramルール除外: 「物語」
https://jpsearch.go.jp/data/najda-XwRJcJw2clrmhdDlIa1oHkORFKPg,宝生座笛一噌要三郎・清甚作ほか奥御用相勤候ニ付直詰申付候書付（宝生座太鼓／高安弥兵衛、同座脇連／田宮順之丞・尾上万次郎）（前欠）,太鼓,N-Gramルール除外: 「太鼓」
https://jpsearch.go.jp/data/najda-axBVf2BRc063SEPah1RxTr3VU0b6hEw0fM6v_0069,木間星箱根鹿笛,木間星箱根鹿笛,N-Gramルール除外: 「木間星箱根鹿笛」
https://jpsearch.go.jp/data/najda-o2q0iV0RFm87CZjktrPBUzgxtk8ACqN4_0037,源氏物語　横笛,物語,N-Gramルール除外: 「物語」
https://jpsearch.go.jp/data/najda-pJAvCmrah4WYf6RDUNkDhXBJsqJ4SgpY_0016,源氏物語　柏木・横笛・鈴虫,物語,N-Gramルール除外: 「物語」
https://jpsearch.go.jp/data/nij01-G000000200300jbD1340,陸奥国弘前津軽家文書 甲州八代郡富士川通用水堰御普請御勘定帳/甲州釜無川・富士川・笛吹川・早川・谷川通川除御手伝御普請勘定帳(安永4年),軽家文書,N-Gramルール除外: 「軽家文書」
https://jpsearch.go.jp/data/nij01-G000000200300jbD1341,陸奥国弘前津軽家文書 甲州富士川通用水堰御普請御勘定目録/甲州釜無川・富士川・笛吹川・早川・谷川通川除御手伝御普請勘定帳(安永4年),軽家文書,N-Gramルール除外: 「軽家文書」
https://jpsearch.go.jp/data/nij01-G000000200300jbD1342,陸奥国弘前津軽家文書 甲州富士川通用水井堰御普請御入用御林木仕上帳/甲州釜無川・富士川・笛吹川・早川・谷川通川除御手伝御普請勘定帳(安永4年),軽家文書,N-Gramルール除外: 「軽家文書」
https://jpsearch.go.jp/data/nij01-G000000200300jbD1343,陸奥国弘前津軽家文書 甲州八代郡笛吹川富士川谷川通村々川除御普請御勘定帳/甲州釜無川・富士川・笛吹川・早川・谷川通川除御手伝御普請勘定帳(安永4年),軽家文書,N-Gramルール除外: 「軽家文書」
https://jpsearch.go.jp/data/nij01-G000000200300jbD1344,陸奥国弘前津軽家文書 甲州巨摩八代郡富士川早川谷川通村々川除御普請御勘定帳/甲州釜無川・富士川・笛吹川・早川・谷川通川除御手伝御普請勘定帳(安永4年),軽家文書,N-Gramルール除外: 「軽家文書」
https://jpsearch.go.jp/data/nij01-G000000200300jbD1345,陸奥国弘前津軽家文書 甲州巨摩八代郡笛吹川富士川早川・谷川通村々用水樋類井堰浚往還道橋御普請御勘定帳/甲州釜無川・富士川・笛吹川・早川・谷川通川除御手伝御普請勘定帳(安永4年),軽家文書,N-Gramルール除外: 「軽家文書」
https://jpsearch.go.jp/data/nij01-G000000200300jbD1346,陸奥国弘前津軽家文書 甲州釜無川・富士川・笛吹川・谷川通堤川除用水路樋橋御普請御勘定目録/甲州釜無川・富士川・笛吹川・早川・谷川通川除御手伝御普請勘定帳(安永4年),軽家文書,N-Gramルール除外: 「軽家文書」
https://jpsearch.go.jp/data/nij01-G000000200300jbD1347,陸奥国弘前津軽家文書 甲州釜無川・富士川・笛吹川・谷川通川除樋橋御普請御入用御材木仕上帳/甲州釜無川・富士川・笛吹川・早川・谷川通川除御手伝御普請勘定帳(安永4年),軽家文書,N-Gramルール除外: 「軽家文書」
https://jpsearch.go.jp/data/nij01-G000000205700jbD9004,武蔵国大里郡大麻生村古沢家文書 （笛曲譜）,家文書,N-Gramルール除外: 「家文書」
https://jpsearch.go.jp/data/nij01-G000000214900jbD893,甲斐国山梨郡下井尻村井尻家文書 (笛吹川通小屋敷村外拾弐ケ村組合刎橋御見分人足ニ付御先触写),斐国山梨郡下井尻,N-Gramルール除外: 「斐国山梨郡下井尻」
https://jpsearch.go.jp/data/nij01-G000000214900jbD897,甲斐国山梨郡下井尻村井尻家文書 (笛吹川通四ケ村組合堰用水路御普請願書付),斐国山梨郡下井尻,N-Gramルール除外: 「斐国山梨郡下井尻」
https://jpsearch.go.jp/data/nij01-G000000214900jbD905,甲斐国山梨郡下井尻村井尻家文書 (笛吹川通四ケ村組合堰用水路御普請仰付願書付),斐国山梨郡下井尻,N-Gramルール除外: 「斐国山梨郡下井尻」
https://jpsearch.go.jp/data/nij01-G000000214900jbD907,甲斐国山梨郡下井尻村井尻家文書 (笛吹川通四ケ村組合堰用水路御普請願書付),斐国山梨郡下井尻,N-Gramルール除外: 「斐国山梨郡下井尻」
https://jpsearch.go.jp/data/nij01-G000000215000jbD6008,甲斐国山梨郡下井尻村依田家文書追補 (笛吹川新架甲運橋祝煙順書),斐国山梨郡下井尻,N-Gramルール除外: 「斐国山梨郡下井尻」
https://jpsearch.go.jp/data/nij01-G000000218000jbD10833,信濃国高井郡東江部村山田庄左衛門家文書 記（田保笛他代金4円8厘受取）/「［　］年度［　］（切）符入」（領収証一括）/（諸請取切符入）/（諸請取切符入）,家文書,N-Gramルール除外: 「家文書」
https://jpsearch.go.jp/data/nij01-G00000021880001jbD34200,信濃国松代真田家文書 伊藤環書状（端裏書）［伊藤氏朋笛之事］/（伊藤環書状綴）/（諸用状一括）,代真田家文書,N-Gramルール除外: 「代真田家文書」
https://jpsearch.go.jp/data/nij01-G000000218900jbD2230,信濃国松代真田家文書 加藤金五郎拝借証文［覚］（御笛1管）/（小山田久米宛拝借証文一括）/（評議書類等）,代真田家文書,N-Gramルール除外: 「代真田家文書」
https://jpsearch.go.jp/data/nij01-G000000218900jbD354,信濃国松代真田家文書 ［唐　俗楽均調］（笙律）/［遂翁様　御筆］（包紙）/（短冊､歌稿、詩稿、書画類）,代真田家文書,N-Gramルール除外: 「代真田家文書」
https://jpsearch.go.jp/data/nij01-G000000218900jbD355,信濃国松代真田家文書 （笙律楽譜　越天楽・五常楽）/［遂翁様　御筆］（包紙）/（短冊､歌稿、詩稿、書画類）,代真田家文書,N-Gramルール除外: 「代真田家文書」
https://jpsearch.go.jp/data/nij01-G000000218900jbD703,信濃国松代真田家文書 ［湖月抄］（｢発端｣｢源氏物語系図｣｢源氏物語年立　上下｣｢表□｣｢雲隠説｣｢桐壺　帚木｣｢空蝉　夕顔｣｢若紫　末摘花｣｢紅葉賀　花宴｣｢葵　賢木｣｢花散里　次磨｣｢明石｣｢澪標　蓬生　開屋　絵合｣｢松風　薄雲　朝顔｣｢乙女｣｢玉蔓｣｢初音　胡蝶｣｢蛍　常夏　篝火｣｢野分　行幸　藤袴｣｢真木柱　梅枝　藤裏葉｣｢若菜　上｣｢若菜　下｣｢柏木　横笛　鈴虫｣｢夕霧｣｢御法　幻　匂宮　紅梅｣｢竹河｣｢橋姫｣｢椎本｣｢角総　早蕨｣｢寄生｣｢東屋｣｢浮舟｣｢蜻蛉｣｢手習　夢浮橋｣）,物語,N-Gramルール除外: 「物語」
https://jpsearch.go.jp/data/nij01-G000000221200jbD1585,美濃国多芸郡島田村千秋家文書 吉兵衛より笙峰江相懸リ候貸金一件熟談内済証文,田村千秋家文書,N-Gramルール除外: 「田村千秋家文書」
https://jpsearch.go.jp/data/nij01-G000000221200jbD2222,美濃国多芸郡島田村千秋家文書 手伝簿（笙峰葬式）,田村千秋家文書,N-Gramルール除外: 「田村千秋家文書」
https://jpsearch.go.jp/data/nij01-G000000221200jbD2224,美濃国多芸郡島田村千秋家文書 笙峰五十年忌追悼茶事次第,田村千秋家文書,N-Gramルール除外: 「田村千秋家文書」
https://jpsearch.go.jp/data/nij01-G000000221200jbD2360,美濃国多芸郡島田村千秋家文書 笙峰五十年忌追福修繕　三十六峰閣供茶聊表寸志,田村千秋家文書,N-Gramルール除外: 「田村千秋家文書」
https://jpsearch.go.jp/data/nij01-G000000221200jbD2419,美濃国多芸郡島田村千秋家文書 点取　聞笛,田村千秋家文書,N-Gramルール除外: 「田村千秋家文書」
https://jpsearch.go.jp/data/nij01-G000000223500jbD4009,伊豆国君沢郡内浦長浜村大川家文書 横笛極書,家文書,N-Gramルール除外: 「家文書」
https://jpsearch.go.jp/data/nij11-IA0059011,花枕高祖御伝記　木間星箱根鹿笛　北条九代名家功,木間星箱根鹿笛,N-Gramルール除外: 「木間星箱根鹿笛」
https://jpsearch.go.jp/data/nij16-100011934,あをばの笛物語,物語,N-Gramルール除外: 「物語」
https://jpsearch.go.jp/data/nin01-ninjal_ninjal_ninjal_toshokanmokuroku_1001176898,笛吹川,笛吹川,N-Gramルール除外: 「笛吹川」
https://jpsearch.go.jp/data/nmj01-F_210_19,鹿笛,鹿笛,N-Gramルール除外: 「鹿笛」
https://jpsearch.go.jp/data/nmj01-F_391_6_3,鹿笛,鹿笛,N-Gramルール除外: 「鹿笛」
https://jpsearch.go.jp/data/nmj01-H_1615_13_20_28_3,（北海道カモエコタンの石狩川で得た岩笛）,コタン,N-Gramルール除外: 「コタン」
https://jpsearch.go.jp/data/nmj01-H_539_4_5,版本源氏物語　巻第四（よこ笛）,物語,N-Gramルール除外: 「物語」
https://jpsearch.go.jp/data/nmj01-H_546_1_6_935,町の工場の汽笛がやんで…,の汽笛,N-Gramルール除外: 「の汽笛」
https://jpsearch.go.jp/data/nmj01-H_600_30_37,源氏物語　横笛,物語,N-Gramルール除外: 「物語」
https://jpsearch.go.jp/data/nmj01-H_62_17_41_3,玩具絵（蝶・太鼓・笛・手まり・だるまなど）,太鼓,N-Gramルール除外: 「太鼓」
https://jpsearch.go.jp/data/nmj02-nmjh_nmjh_nmjh_tosyomokuroku_100000109013,埋蔵文化財分布調査報告書 : 笛吹川沿岸土地改良事業地域内,笛吹川,N-Gramルール除外: 「笛吹川」
https://jpsearch.go.jp/data/nmj02-nmjh_nmjh_nmjh_tosyomokuroku_100000154735,"日本の楽譜展 : 天平琵琶譜から幕末の鼓笛譜まで : 解題目録 / 福島和夫,スティーヴン・ネルソン著",鼓笛,N-Gramルール除外: 「鼓笛」
https://jpsearch.go.jp/data/nmj02-nmjh_nmjh_nmjh_tosyomokuroku_100000450340,汽笛一聲 (きてきいっせい) ・安城駅120年 : 企画展 / 安城市歴史博物館編集,汽笛,N-Gramルール除外: 「汽笛」
https://jpsearch.go.jp/data/noh_museum-197,森田流笛唱歌・幸流小鼓手附（柿本師書写）,森田流笛唱,N-Gramルール除外: 「森田流笛唱」
https://jpsearch.go.jp/data/noh_museum-200,田中好一記録の笛・太鼓手附ノート,太鼓,N-Gramルール除外: 「太鼓」
https://jpsearch.go.jp/data/noh_museum-214,森田流笛手附　全,森田流,N-Gramルール除外: 「森田流」
https://jpsearch.go.jp/data/syozo-189331,『絵入歌集　暮笛』,歌集,N-Gramルール除外: 「歌集」
https://jpsearch.go.jp/data/syozo-194032,『少年の魔法の角笛』（「ゲルラハ青少年叢書 第4巻」）,魔法の角笛,N-Gramルール除外: 「魔法の角笛」
https://jpsearch.go.jp/data/tdc-1051217,口笛のよく鳴る日なりからころと・・・,から,N-Gramルール除外: 「から」
https://jpsearch.go.jp/data/tnricp_uritate-qRrvFbnV_0069,当市新町藤木万助氏所蔵品,所蔵品,N-Gramルール除外: 「所蔵品」
https://jpsearch.go.jp/data/tnricp_uritate-qRrvFbnV_0556,当市片山茂三郎氏所蔵桃山屏風其他中村常七氏新書画及当市某家蔵品入札,蔵品入札,N-Gramルール除外: 「蔵品入札」
https://jpsearch.go.jp/data/tnricp_uritate-qRrvFbnV_0677,新潟市某家御蔵品入札,蔵品入札,N-Gramルール除外: 「蔵品入札」
https://jpsearch.go.jp/data/tnricp_uritate-qRrvFbnV_0995,山添蠖軒居士遺墨及遺愛品入札,品入札,N-Gramルール除外: 「品入札」
https://jpsearch.go.jp/data/tnricp_uritate-qRrvFbnV_1598,当市円山北村氏及某家所蔵品入札,所蔵品入札,N-Gramルール除外: 「所蔵品入札」
https://jpsearch.go.jp/data/tnricp_uritate-qRrvFbnV_1639,千種荘並某家御蔵品入札並ニ最低価附糶売,蔵品入札,N-Gramルール除外: 「蔵品入札」
https://jpsearch.go.jp/data/tnricp_uritate-qRrvFbnV_2287,高松市内町故後藤奏笙庵所蔵品,所蔵品,N-Gramルール除外: 「所蔵品」
https://jpsearch.go.jp/data/tokyo-R100000086_I000018251_00,「源氏香の図」 「横笛」,源氏,N-Gramルール除外: 「源氏」
https://jpsearch.go.jp/data/uryukyu-R100000112_I000000628_00,笛并皷大小太鼓打合段,太鼓,N-Gramルール除外: 「太鼓」
https://jpsearch.go.jp/data/utokyo_da-d34a4902_2c6d_204b_85c9_fbda6c7468f6,麦から笛,から,N-Gramルール除外: 「から」
https://jpsearch.go.jp/entity/general/トランペット鼓笛隊,トランペット鼓笛隊,鼓笛,N-Gramルール除外: 「鼓笛」
https://jpsearch.go.jp/entity/general/笛吹市埋蔵文化財調査報告書,笛吹市埋蔵文化財調査報告書,笛吹市,N-Gramルール除外: 「笛吹市」
https://jpsearch.go.jp/entity/general/笛吹市文化財調査報告書,笛吹市文化財調査報告書,笛吹市,N-Gramルール除外: 「笛吹市」
https://jpsearch.go.jp/entity/general/花枕高祖御伝記・木間星箱根鹿笛・北条九代名家功,花枕高祖御伝記・木間星箱根鹿笛・北条九代名家功,木間星箱根鹿笛,N-Gramルール除外: 「木間星箱根鹿笛」
https://jpsearch.go.jp/entity/general/警告の角笛シリーズ,警告の角笛シリーズ,角笛,N-Gramルール除外: 「角笛」
https://jpsearch.go.jp/entity/general/金管鼓笛隊,金管鼓笛隊,鼓笛,N-Gramルール除外: 「鼓笛」
https://jpsearch.go.jp/entity/general/鼓笛叢書,鼓笛叢書,鼓笛,N-Gramルール除外: 「鼓笛」
https://jpsearch.go.jp/entity/ind/太鼓たたいて笛ふいて,太鼓たたいて笛ふいて,太鼓たたいて笛ふい,N-Gramルール除外: 「太鼓たたいて笛ふい」
https://jpsearch.go.jp/entity/ind/第八回篠笛_間合いの美学_現れる人間性,第八回篠笛 間合いの美学 現れる人間性,篠笛,N-Gramルール除外: 「篠笛」
https://jpsearch.go.jp/entity/work/源氏物語LC蔵本#v37f01r,源氏物語第37巻（横笛）1オ丁,物語,N-Gramルール除外: 「物語」
https://jpsearch.go.jp/entity/work/源氏物語LC蔵本#v37f01v,源氏物語第37巻（横笛）1ウ丁,物語,N-Gramルール除外: 「物語」
https://jpsearch.go.jp/entity/work/源氏物語LC蔵本#v37f02r,源氏物語第37巻（横笛）2オ丁,物語,N-Gramルール除外: 「物語」
https://jpsearch.go.jp/entity/work/源氏物語LC蔵本#v37f02v,源氏物語第37巻（横笛）2ウ丁,物語,N-Gramルール除外: 「物語」
https://jpsearch.go.jp/entity/work/源氏物語LC蔵本#v37f03r,源氏物語第37巻（横笛）3オ丁,物語,N-Gramルール除外: 「物語」
https://jpsearch.go.jp/entity/work/源氏物語LC蔵本#v37f03v,源氏物語第37巻（横笛）3ウ丁,物語,N-Gramルール除外: 「物語」
https://jpsearch.go.jp/entity/work/源氏物語LC蔵本#v37f04r,源氏物語第37巻（横笛）4オ丁,物語,N-Gramルール除外: 「物語」
https://jpsearch.go.jp/entity/work/源氏物語LC蔵本#v37f04v,源氏物語第37巻（横笛）4ウ丁,物語,N-Gramルール除外: 「物語」
https://jpsearch.go.jp/entity/work/源氏物語LC蔵本#v37f05r,源氏物語第37巻（横笛）5オ丁,物語,N-Gramルール除外: 「物語」
https://jpsearch.go.jp/entity/work/源氏物語LC蔵本#v37f05v,源氏物語第37巻（横笛）5ウ丁,物語,N-Gramルール除外: 「物語」
https://jpsearch.go.jp/entity/work/源氏物語LC蔵本#v37f06r,源氏物語第37巻（横笛）6オ丁,物語,N-Gramルール除外: 「物語」
https://jpsearch.go.jp/entity/work/源氏物語LC蔵本#v37f06v,源氏物語第37巻（横笛）6ウ丁,物語,N-Gramルール除外: 「物語」
https://jpsearch.go.jp/entity/work/源氏物語LC蔵本#v37f07r,源氏物語第37巻（横笛）7オ丁,物語,N-Gramルール除外: 「物語」
https://jpsearch.go.jp/entity/work/源氏物語LC蔵本#v37f07v,源氏物語第37巻（横笛）7ウ丁,物語,N-Gramルール除外: 「物語」
https://jpsearch.go.jp/entity/work/源氏物語LC蔵本#v37f08r,源氏物語第37巻（横笛）8オ丁,物語,N-Gramルール除外: 「物語」
https://jpsearch.go.jp/entity/work/源氏物語LC蔵本#v37f08v,源氏物語第37巻（横笛）8ウ丁,物語,N-Gramルール除外: 「物語」
https://jpsearch.go.jp/entity/work/源氏物語LC蔵本#v37f09r,源氏物語第37巻（横笛）9オ丁,物語,N-Gramルール除外: 「物語」
https://jpsearch.go.jp/entity/work/源氏物語LC蔵本#v37f09v,源氏物語第37巻（横笛）9ウ丁,物語,N-Gramルール除外: 「物語」
https://jpsearch.go.jp/entity/work/源氏物語LC蔵本#v37f10r,源氏物語第37巻（横笛）10オ丁,物語,N-Gramルール除外: 「物語」
https://jpsearch.go.jp/entity/work/源氏物語LC蔵本#v37f10v,源氏物語第37巻（横笛）10ウ丁,物語,N-Gramルール除外: 「物語」
https://jpsearch.go.jp/entity/work/源氏物語LC蔵本#v37f11r,源氏物語第37巻（横笛）11オ丁,物語,N-Gramルール除外: 「物語」
https://jpsearch.go.jp/entity/work/源氏物語LC蔵本#v37f11v,源氏物語第37巻（横笛）11ウ丁,物語,N-Gramルール除外: 「物語」
https://jpsearch.go.jp/entity/work/源氏物語LC蔵本#v37f12r,源氏物語第37巻（横笛）12オ丁,物語,N-Gramルール除外: 「物語」
https://jpsearch.go.jp/entity/work/源氏物語LC蔵本#v37f12v,源氏物語第37巻（横笛）12ウ丁,物語,N-Gramルール除外: 「物語」
https://mediaarts-db.artmuseums.go.jp/id/C31950,ゼルダの伝説 大地の汽笛 大地の汽笛 ゼルダの伝説大地の汽笛,説大地の汽笛,N-Gramルール除外: 「説大地の汽笛」
https://mediaarts-db.artmuseums.go.jp/id/C37554,魔笛伝説 Astralius. jpn. PCエンジン,魔笛,N-Gramルール除外: 「魔笛」
https://mediaarts-db.artmuseums.go.jp/id/C41231,ゼルダの伝説 大地の汽笛 (2009). jpn. ニンテンドーDS,の汽笛,N-Gramルール除外: 「の汽笛」
